"","LC_pred","TP_pred","dN_pred","Trophic_Group","Lake_Name","SI_ID"
"1",0.0968101071570463,4.27049320429136,7.71967689459064,"LakeTrout","Atikwa","AT015"
"2",0.199752874791273,4.99795499193864,10.1930469725914,"LakeTrout","Atikwa","AT014"
"3",0.167884482586288,4.56621346039265,8.72512576533501,"LakeTrout","Atikwa","AT007"
"4",0.203823322341751,4.40771460870538,8.18622966959828,"LakeTrout","Atikwa","AT004"
"5",0.207929589816651,4.58538030571375,8.79029303942674,"LakeTrout","Atikwa","AT006"
"6",0.26016344028889,4.17998499599754,7.41194898639164,"LakeTrout","Atikwa","AT008"
"7",0.258246644887237,4.82956842152006,9.62053263316819,"LakeTrout","Atikwa","AT017"
"8",0.265297624303492,4.68191582459763,9.11851380363195,"LakeTrout","Atikwa","AT012"
"9",0.304384831110468,4.25022184237272,7.65075426406724,"LakeTrout","Atikwa","AT009"
"10",0.279337512068755,4.80522673152657,9.53777088719034,"LakeTrout","Atikwa","AT005"
"11",0.287094344818936,4.25535664024391,7.66821257682929,"LakeTrout","Atikwa","AT001"
"12",0.319721884744578,4.53518397400422,8.61962551161435,"LakeTrout","Atikwa","AT011"
"13",0.326584108579315,4.65726730385878,9.03470883311987,"LakeTrout","Atikwa","AT010"
"14",0.328202448808237,4.7326683533118,9.29107240126012,"LakeTrout","Atikwa","AT003"
"15",0.325231060530099,4.33333782305427,7.93334859838451,"LakeTrout","Atikwa","AT002"
"16",0.327956028627212,4.61874511629962,8.90373339541871,"LakeTrout","Atikwa","AT013"
"17",0.849917002281502,4.1331019549591,7.25254664686092,"LakeTrout","Atikwa","AT016"
"18",0.0758189570137362,4.45950348300292,8.36231184220994,"LakeTrout","Aylen","AY043"
"19",0.109159987993967,4.50237720442637,8.50808249504965,"LakeTrout","Aylen","AY039"
"20",0.114072539100775,4.39389736624021,8.1392510452167,"LakeTrout","Aylen","AY053"
"21",0.121974574246641,4.75081481853268,9.3527703830111,"LakeTrout","Aylen","AY036"
"22",0.148691204185259,5.13365336102732,10.6544214274929,"LakeTrout","Aylen","AY035"
"23",0.169247795721881,5.33520547865662,11.3396986274325,"LakeTrout","Aylen","AY047"
"24",0.186205873180404,5.26236497779237,11.092040924494,"LakeTrout","Aylen","AY054"
"25",0.118706244389384,4.44489773105931,8.31265228560165,"LakeTrout","Aylen","AY900TB"
"26",0.156105889870609,4.78084631863219,9.45487748334944,"LakeTrout","Aylen","AY048"
"27",0.108150721528494,3.83523639639083,6.23980374772882,"LakeTrout","Aylen","AY901TB"
"28",0.074684423647639,4.48233413355645,8.43993605409192,"LakeTrout","Aylen","AY042"
"29",0.051272541651358,4.68185483848002,9.11830645083207,"LakeTrout","Aylen","AY044"
"30",0.0385281187963772,4.418652811619,8.22341955950461,"LakeTrout","Aylen","AY049"
"31",0.0812924235285468,4.60544377021274,8.85850881872333,"LakeTrout","Aylen","AY038"
"32",0.150729713159695,5.05784176133366,10.3966619885345,"LakeTrout","Aylen","AY902TB"
"33",0.0881062339941764,4.35299314497455,8.00017669291348,"LakeTrout","Aylen","AY040"
"34",0.0662287743871457,4.38602627451526,8.11248933335189,"LakeTrout","Aylen","AY037"
"35",0.067687341128788,4.48856274086851,8.46111331895295,"LakeTrout","Aylen","AY903TB"
"36",0.0459439656716494,4.34237009028797,7.9640583069791,"LakeTrout","Aylen","AY045"
"37",0.0862421213958138,4.42529232997175,8.24599392190394,"LakeTrout","Aylen","AY055"
"38",0.0670484036376933,4.57476854215838,8.75421304333849,"LakeTrout","Aylen","AY046"
"39",0.443791329904482,4.8987519989627,9.85575679647318,"LakeTrout","Bad Vermilion","17429"
"40",0.314290962527553,4.67275819034447,9.0873778471712,"LakeTrout","Bad Vermilion","17430"
"41",0.242652461425423,4.74110704715391,9.31976396032329,"LakeTrout","Bad Vermilion","17431"
"42",0.133357825128582,4.70767547650949,9.20609662013226,"LakeTrout","Bad Vermilion","17432"
"43",0.185709037472447,4.79121239789082,9.4901221528288,"LakeTrout","Bad Vermilion","17433"
"44",0.0268185157972081,4.62523501318235,8.92579904481999,"LakeTrout","Bad Vermilion","17953"
"45",0.243570903747245,4.46790800449496,8.39088721528288,"LakeTrout","Bad Vermilion","17954"
"46",0.229794268919912,4.82765835026149,9.61403839088905,"LakeTrout","Bad Vermilion","17955"
"47",0.273879500367377,4.89057489086744,9.8279546289493,"LakeTrout","Bad Vermilion","17956"
"48",0.196730345334313,4.54517682715996,8.65360121234387,"LakeTrout","Bad Vermilion","18026"
"49",0.134276267450404,4.72565290443878,9.26721987509184,"LakeTrout","Bad Vermilion","18027"
"50",0.001,4.72815087081892,9.27571296078431,"LakeTrout","Big_Rideaux","BR126"
"51",0.480901867757689,5.31996005082778,11.2878641728145,"LakeTrout","Big_Rideaux","BR123"
"52",0.520694040727885,4.80595130343083,9.54023443166484,"LakeTrout","Big_Rideaux","BR116"
"53",0.498061763185598,4.78885250156396,9.48209850531748,"LakeTrout","Big_Rideaux","BR115"
"54",0.550855447443744,4.90109950936852,9.86373833185298,"LakeTrout","Big_Rideaux","BR117"
"55",0.486451288146553,5.04877079174335,10.3658206919274,"LakeTrout","Big_Rideaux","BR127"
"56",0.561926200233661,4.85812686601324,9.71763134444502,"LakeTrout","Big_Rideaux","BR119"
"57",0.53681968522732,4.89227393641609,9.83373138381472,"LakeTrout","Big_Rideaux","BR120"
"58",0.568972503783103,4.9493103183971,10.0276550825501,"LakeTrout","Big_Rideaux","BR112"
"59",0.44743309051417,4.91235360210026,9.9020022471409,"LakeTrout","Big_Rideaux","BR114"
"60",0.585816213966277,5.14548940805091,10.6946639873731,"LakeTrout","Big_Rideaux","BR124"
"61",0.581339123480571,5.07469764630264,10.453971997429,"LakeTrout","Big_Rideaux","BR110"
"62",0.524929954110832,4.73154543288018,9.28725447179263,"LakeTrout","Big_Rideaux","BR118"
"63",0.60407797619263,4.87196585520381,9.76468390769294,"LakeTrout","Big_Rideaux","BR122"
"64",0.642725141637747,4.79948171208241,9.5182378210802,"LakeTrout","Big_Rideaux","BR121"
"65",0.640012230495275,5.18126577112479,10.8163036218243,"LakeTrout","Big_Rideaux","BR128"
"66",0.624050529209206,4.88821281022247,9.81992355475639,"LakeTrout","Big_Rideaux","BR111"
"67",0.62511772161981,4.9716718885572,10.1036844210945,"LakeTrout","Big_Rideaux","BR132"
"68",0.700402847217308,5.03422345979048,10.3163597632876,"LakeTrout","Big_Rideaux","BR113"
"69",0.759741388945734,4.7825487695701,9.46066581653835,"LakeTrout","Big_Rideaux","BR125"
"70",0.364919568884264,4.52817085883752,8.59578092004759,"LakeTrout","Birch","BI041"
"71",0.389749238978132,4.6787386323769,9.10771135008146,"LakeTrout","Birch","BI040"
"72",0.0102224263420029,4.56695880460119,8.72765993564406,"LakeTrout","Bluffpoint","BP019"
"73",0.0780480182745608,4.45646440190976,8.35197896649319,"LakeTrout","Bluffpoint","BP026"
"74",0.0735543485543579,4.16889196408755,7.37423267789768,"LakeTrout","Bluffpoint","BP020"
"75",0.0825089128923119,4.68040600824523,9.11338042803377,"LakeTrout","Bluffpoint","BP033"
"76",0.0844820096703582,4.93597135810418,9.98230261755423,"LakeTrout","Bluffpoint","BP015"
"77",0.0918439225249669,5.12296826324726,10.6180920950407,"LakeTrout","Bluffpoint","BP027"
"78",0.0925117928169144,5.10422331656079,10.5543592763067,"LakeTrout","Bluffpoint","BP025"
"79",0.0995369744361199,4.99838332704465,10.1945033119518,"LakeTrout","Bluffpoint","BP022"
"80",0.107151742490583,4.66398626818943,9.05755331184405,"LakeTrout","Bluffpoint","BP032"
"81",0.106072562220747,4.84514812304063,9.67350361833815,"LakeTrout","Bluffpoint","BP028"
"82",0.131507639030862,4.61866100065273,8.9034474022193,"LakeTrout","Bluffpoint","BP023"
"83",0.137045282606664,4.46795528726331,8.39104797669526,"LakeTrout","Bluffpoint","BP017"
"84",0.167015586238632,4.38706440169719,8.11601896577045,"LakeTrout","Bluffpoint","BP029"
"85",0.150582336016352,4.58932164043767,8.80369357748807,"LakeTrout","Bluffpoint","BP034"
"86",0.149546209265614,4.63531285375355,8.96006370276206,"LakeTrout","Bluffpoint","BP024"
"87",0.152104219055922,4.38954714286893,8.12446028575435,"LakeTrout","Bluffpoint","BP031"
"88",0.206653337423052,4.72915550144039,9.27912870489733,"LakeTrout","Bluffpoint","BP030"
"89",0.198728727240436,4.64825468892217,9.00406594233538,"LakeTrout","Bluffpoint","BP016"
"90",0.19170849672208,4.62865930146443,8.93744162497905,"LakeTrout","Bluffpoint","BP018"
"91",0.177457137156729,4.48931918520798,8.46368522970713,"LakeTrout","Bluffpoint","BP021"
"92",0.869648388952919,4.81584836006325,9.57388442421504,"LakeTrout","Catchacoma","C002"
"93",0.152216166864961,4.2816535565945,7.75762209242129,"LakeTrout","Catchacoma","C003"
"94",0.288237343253295,4.50072045751873,8.50244955556368,"LakeTrout","Catchacoma","C057"
"95",0.483345473012099,5.07305516963586,10.4483875767619,"LakeTrout","Catchacoma","C058"
"96",0.519124614285923,5.30532867664748,11.2381175006014,"LakeTrout","Catchacoma","C059"
"97",0.236059428895626,4.51944705813151,8.56611999764712,"LakeTrout","Catchacoma","C060"
"98",0.296436729795198,4.57831801830462,8.7662812622357,"LakeTrout","Catchacoma","C061"
"99",0.310226607161159,4.53875780052631,8.63177652178945,"LakeTrout","Catchacoma","C062"
"100",0.27556556405215,4.56728293935228,8.72876199379776,"LakeTrout","Catchacoma","C063"
"101",0.001,4.63895877385588,8.97245983111,"LakeTrout","Catfish","CF2"
"102",0.0375476737536557,4.72448418876238,9.2632462417921,"LakeTrout","Catfish","CF9"
"103",0.0388207702650689,4.60337364621875,8.85147039714374,"LakeTrout","Catfish","CF6"
"104",0.000455498706967252,4.45831958444871,8.35828658712562,"LakeTrout","Catfish","CF5"
"105",0.132573864450696,4.52412838633974,8.5820365135551,"LakeTrout","Catfish","CF4"
"106",0.0915438867562558,4.4463094470317,8.3174521199078,"LakeTrout","Catfish","CF8"
"107",0.179750612800231,4.37936934753754,8.08985578162764,"LakeTrout","Catfish","CF3"
"108",0.187200970897199,4.67346657667855,9.08978636070706,"LakeTrout","Catfish","CF1"
"109",0.225424536661974,4.72660531727219,9.27045807872544,"LakeTrout","Catfish","CF7"
"110",0.4540944115182,4.46032277781059,8.365097444556,"LakeTrout","Cecil","CEC063"
"111",0.433593303077834,4.66042835330219,9.04545640122746,"LakeTrout","Cecil","CEC064"
"112",0.392024939091772,4.15558556448376,7.3289909192448,"LakeTrout","Cecil","CEC068"
"113",0.528895006818132,4.64715530487259,9.00032803656682,"LakeTrout","Cecil","CEC080"
"114",0.493704919955903,4.37674373735308,8.08092870700046,"LakeTrout","Cecil","CEC074"
"115",0.587543078460536,4.38186066106383,8.098326247617,"LakeTrout","Cecil","CEC062"
"116",0.152898177828326,4.32868505772817,7.91752919627577,"LakeTrout","Cecil","CEC072"
"117",0.434191881734092,4.33901479479235,7.95265030229399,"LakeTrout","Cecil","CEC066"
"118",0.526858901651759,4.34607896152194,7.97666846917461,"LakeTrout","Cecil","CEC071"
"119",0.551468056897391,4.46607066353077,8.3846402560046,"LakeTrout","Cecil","CEC065"
"120",0.600950779816741,4.33078514185904,7.92466948232072,"LakeTrout","Cecil","CEC078"
"121",0.56789493484878,4.40616515004346,8.18096151014777,"LakeTrout","Cecil","CEC079"
"122",0.692262033707448,4.53389660824254,8.61524846802464,"LakeTrout","Cecil","CEC075"
"123",0.688056339892761,4.37702532151745,8.08188609315934,"LakeTrout","Cecil","CEC070"
"124",0.983031022378776,4.51454087004774,8.54943895816233,"LakeTrout","Cecil","CEC073"
"125",0.978439247449707,4.35939750523397,8.0219515177955,"LakeTrout","Cecil","CEC069"
"126",0.99277002472362,4.62693934407397,8.93159376985152,"LakeTrout","Cecil","CEC076"
"127",0.999,4.03723878881988,6.92661188198758,"LakeTrout","Cecil","CEC077"
"128",0.0435187630965805,4.77154873396854,9.42326569549305,"LakeTrout","Charleston","CH044"
"129",0.120402468647591,4.91204563072613,9.90095514446884,"LakeTrout","Charleston","CH041"
"130",0.160397542308052,4.94027352184573,9.99692997427549,"LakeTrout","Charleston","CH046"
"131",0.167237275431238,4.5970906688789,8.83010827418827,"LakeTrout","Charleston","CH049"
"132",0.183314835435497,4.79293578629787,9.49598167341274,"LakeTrout","Charleston","CH050"
"133",0.197035986837219,5.08599471229672,10.4923820218089,"LakeTrout","Charleston","CH045"
"134",0.19749941663097,4.79643187981688,9.50786839137739,"LakeTrout","Charleston","CH042"
"135",0.144832917917817,4.84841026499351,9.68459490097794,"LakeTrout","Charleston","CH056"
"136",0.143124354059268,4.81761049301526,9.57987567625187,"LakeTrout","Charleston","CH039"
"137",0.222995816774558,5.0322431950965,10.3096268633281,"LakeTrout","Charleston","CH057"
"138",0.25447296239985,4.12364785510941,7.22040270737198,"LakeTrout","Charleston","CH036"
"139",0.246249430687747,4.83059750915588,9.62403153112998,"LakeTrout","Charleston","CH063"
"140",0.273216684033253,5.1986492872234,10.8754075765596,"LakeTrout","Charleston","CH035"
"141",0.299003069272082,4.98366776113756,10.1444703878677,"LakeTrout","Charleston","CH040"
"142",0.237124051632729,4.73748660170933,9.30745444581174,"LakeTrout","Charleston","CH043"
"143",0.259220113753984,4.78313066559059,9.462644263008,"LakeTrout","Charleston","CH047"
"144",0.310693582512992,4.6246292886806,8.92373958151405,"LakeTrout","Charleston","CH037"
"145",0.284279710872493,4.96351303240702,10.0759443101839,"LakeTrout","Charleston","CH053"
"146",0.332818841318332,4.7070470707736,9.20396004063026,"LakeTrout","Charleston","CH038"
"147",0.329458091546513,4.67922324138272,9.10935902070126,"LakeTrout","Charleston","CH061"
"148",0.286087778171917,4.91276951349362,9.9034163458783,"LakeTrout","Cliff","CLF072"
"149",0.235956338491228,4.56425299466926,8.71846018187548,"LakeTrout","Cliff","CLF078"
"150",0.317452199175916,4.72523055172008,9.26578387584827,"LakeTrout","Cliff","CLF066"
"151",0.357157867872683,4.63538297831427,8.96030212626853,"LakeTrout","Cliff","CLF076"
"152",0.356224834061463,4.69727234643826,9.1707259778901,"LakeTrout","Cliff","CLF073"
"153",0.365134259377236,4.64065516118311,8.97822754802259,"LakeTrout","Cliff","CLF068"
"154",0.35270075344124,4.41516172297268,8.21154985810711,"LakeTrout","Cliff","CLF061"
"155",0.372990080469767,4.43355250516095,8.27407851754723,"LakeTrout","Cliff","CLF065"
"156",0.3668705374952,4.8162646175766,9.57529969976043,"LakeTrout","Cliff","CLF067"
"157",0.380364637468468,4.4781271489688,8.42563230649392,"LakeTrout","Cliff","CLF070"
"158",0.384262622705684,4.49383509187585,8.4790393123779,"LakeTrout","Cliff","CLF069"
"159",0.400432338972352,4.6511835624037,9.01402411217257,"LakeTrout","Cliff","CLF077"
"160",0.386514446822114,4.43865582757935,8.2914298137698,"LakeTrout","Cliff","CLF071"
"161",0.406471176653129,4.72698620424719,9.27175309444045,"LakeTrout","Cliff","CLF062"
"162",0.424510941411342,4.5093801909349,8.53189264917865,"LakeTrout","Cliff","CLF063"
"163",0.481849591811976,4.58949978405913,8.80429926580104,"LakeTrout","Cliff","CLF074"
"164",0.209052465727044,4.05032055811366,6.97108989758645,"LakeTrout","Cliff","CLF023"
"165",0.366003236875864,4.47110710047882,8.40176414162799,"LakeTrout","Cliff","CLF079"
"166",0.640519453568467,4.48008173689284,8.43227790543567,"LakeTrout","Cliff","CLF064"
"167",0.001,5.02682457239981,10.2912035461593,"LakeTrout","Confusion","CF042"
"168",0.15056812410617,5.04512704814759,10.3534319637018,"LakeTrout","Confusion","CF026"
"169",0.249900384821169,4.89551058048845,9.84473597366073,"LakeTrout","Confusion","CF028"
"170",0.237629835178161,4.71900013120249,9.24460044608847,"LakeTrout","Confusion","CF030"
"171",0.391302234567483,4.49159368071079,8.47141851441669,"LakeTrout","Confusion","CF037"
"172",0.39911502712131,4.45371796161766,8.34264106950003,"LakeTrout","Confusion","CF029"
"173",0.403027700136084,4.46295044599328,8.37403151637715,"LakeTrout","Confusion","CF034"
"174",0.401527306277567,4.6519527206634,9.01663925025557,"LakeTrout","Confusion","CF033"
"175",0.408739967138558,4.95448974827721,10.0452651441425,"LakeTrout","Confusion","CF039"
"176",0.4400663775588,4.88540369586506,9.8103725659412,"LakeTrout","Confusion","CF040"
"177",0.465542998781283,4.48130695849144,8.4364436588709,"LakeTrout","Confusion","CF032"
"178",0.456377797304199,4.85947839190946,9.72222653249217,"LakeTrout","Confusion","CF024"
"179",0.448829126084786,4.83659875697709,9.64443577372212,"LakeTrout","Confusion","CF041"
"180",0.457663295966332,4.13134798401471,7.24658314565003,"LakeTrout","Confusion","CF025"
"181",0.462419273322462,4.72846305700034,9.27677439380116,"LakeTrout","Confusion","CF027"
"182",0.502057511852174,4.46822866726466,8.39197746869985,"LakeTrout","Confusion","CF035"
"183",0.306624235664997,4.49110594117722,8.46976020000256,"LakeTrout","Confusion","CF036"
"184",0.339343848298866,4.43826372858745,8.29009667719735,"LakeTrout","Confusion","CF031"
"185",0.455765428530423,4.78681503196365,9.47517110867642,"LakeTrout","Confusion","CF038"
"186",0.0869551377657061,4.80321491476188,9.53093071019038,"LakeTrout","Cross","CRS008"
"187",0.141969117740322,4.62489211802688,8.92463320129137,"LakeTrout","Cross","CRS009"
"188",0.147849732982367,4.7503958295952,9.35134582062369,"LakeTrout","Cross","CRS005"
"189",0.177692481360205,4.77676892079458,9.44101433070158,"LakeTrout","Cross","CRS007"
"190",0.175984636712804,4.65736509946776,9.03504133819039,"LakeTrout","Cross","CRS013"
"191",0.174065185977264,4.73614587228019,9.30289596575264,"LakeTrout","Cross","CRS006"
"192",0.18665080177565,4.6794440090844,9.11010963088694,"LakeTrout","Cross","CRS004"
"193",0.201434778412188,4.64285882452729,8.98572000339279,"LakeTrout","Cross","CRS003"
"194",0.213690640084855,4.65763168208681,9.03594771909517,"LakeTrout","Cross","CRS001"
"195",0.195664081212054,4.59669143889122,8.82875089223015,"LakeTrout","Cross","CRS002"
"196",0.211547238267661,4.57257030593358,8.74673904017417,"LakeTrout","Cross","CRS011"
"197",0.222868796584115,4.70455256102694,9.19547870749159,"LakeTrout","Cross","CRS012"
"198",0.222429124416485,4.80474496011538,9.53613286439228,"LakeTrout","Cross","CRS010"
"199",0.001,4.07669852941176,7.060775,"LakeTrout","Cucumber","23491"
"200",0.361370716510903,4.53825361920469,8.63006230529595,"LakeTrout","Cucumber","23779"
"201",0.0658655985758788,3.96207230555774,6.67104583889631,"LakeTrout","Cucumber","23780"
"202",0.104138851802403,4.02079635592555,6.87070761014686,"LakeTrout","Cucumber","23781"
"203",0.118380062305296,4.40639545537841,8.1817445482866,"LakeTrout","Cucumber","23782"
"204",0.344459279038718,5.11969292389853,10.606955941255,"LakeTrout","Cucumber","23783"
"205",0.31241655540721,4.924153773659,9.94212283044059,"LakeTrout","Cucumber","23784"
"206",0.155763239875389,4.13844603261865,7.27071651090343,"LakeTrout","Cucumber","23785"
"207",0.238540275923454,4.25437315112961,7.66486871384068,"LakeTrout","Cucumber","23786"
"208",0.227859368046284,4.21664441477526,7.53659101023587,"LakeTrout","Cucumber","23787"
"209",0.135291499777481,4.05142673891987,6.97485091232755,"LakeTrout","Cucumber","23788"
"210",0.0654801366719365,4.3956909542337,8.14534924439458,"LakeTrout","Deer","19952"
"211",0.311030649191698,4.5971790914336,8.83040891087426,"LakeTrout","Deer","19953"
"212",0.0570656331276454,4.68228097042275,9.11975529943733,"LakeTrout","Deer","19954"
"213",0.0838390534958438,4.35863894030252,8.01937239702857,"LakeTrout","Deer","19955"
"214",0.0968432862461116,4.57749180298362,8.76347213014432,"LakeTrout","Deer","19956"
"215",0.0585955428629712,4.67723251828142,9.10259056215683,"LakeTrout","Deer","19957"
"216",0.001,4.73701565359477,9.30585322222222,"LakeTrout","Deer","19958"
"217",0.001,4.56054506535948,8.70585322222222,"LakeTrout","Deer","19959"
"218",0.0991381508490999,4.5552132424187,8.68772502422357,"LakeTrout","Deer","19960"
"219",0.128206435820287,4.64458676938061,8.99159501589406,"LakeTrout","Deer","19961"
"220",0.0700698658779132,4.42760442133914,8.25385503255308,"LakeTrout","Deer","19962"
"221",0.051710949054006,4.51171525879973,8.53983187991908,"LakeTrout","Deer","19963"
"222",0.131266255290938,5.24331339450972,11.0272655413331,"LakeTrout","Deer","19964"
"223",0.0868988729664949,4.60148321249046,8.84504292246757,"LakeTrout","Deer","19965"
"224",0.105257789790402,4.64678413973576,8.99906607510157,"LakeTrout","Deer","19966"
"225",0.0364118517007496,4.41514095668356,8.21147925272409,"LakeTrout","Deer","19967"
"226",0.0999031057167628,4.40268901634804,8.16914265558332,"LakeTrout","Deer","19968"
"227",0.160334540262125,4.50033398029516,8.50113553300355,"LakeTrout","Deer","19969"
"228",0.215411290733847,4.37447205614869,8.07320499090554,"LakeTrout","Deer","19970"
"229",0.166454179203427,4.26543428937693,7.70247658388155,"LakeTrout","Deer","19971"
"230",0.191947908614269,4.38424017732525,8.10641660290585,"LakeTrout","Delaney","DEL081"
"231",0.189037649244562,4.43303444605676,8.27231711659297,"LakeTrout","Delaney","DEL070"
"232",0.198283049850905,4.59578472258874,8.82566805680171,"LakeTrout","Delaney","DEL077"
"233",0.1911836421704,4.2560625574942,7.67061269548029,"LakeTrout","Delaney","DEL085"
"234",0.186172345554389,4.41293137484188,8.20396667446238,"LakeTrout","Delaney","DEL073"
"235",0.221533500040563,4.63046863758647,8.94359336779398,"LakeTrout","Delaney","DEL088"
"236",0.220834102534527,4.28258555448636,7.76079088525361,"LakeTrout","Delaney","DEL071"
"237",0.239617717560395,4.35004245159159,7.99014433541139,"LakeTrout","Delaney","DEL083"
"238",0.230655444000853,4.28368748474253,7.76453744812461,"LakeTrout","Delaney","DEL084"
"239",0.245768198183808,4.4093026220285,8.19162891489689,"LakeTrout","Delaney","DEL087"
"240",0.243834348097707,4.17089544926104,7.38104452748753,"LakeTrout","Delaney","DEL078"
"241",0.245318662632588,4.497842803452,8.49266553173678,"LakeTrout","Delaney","DEL074"
"242",0.259915480845626,4.50721997422303,8.5245479123583,"LakeTrout","Delaney","DEL080"
"243",0.258733204850152,4.36959132344717,8.05661049972039,"LakeTrout","Delaney","DEL082"
"244",0.260458120193096,4.17412987714084,7.39204158227887,"LakeTrout","Delaney","DEL072"
"245",0.299289371820579,4.39106043906051,8.12960549280572,"LakeTrout","Delaney","DEL076"
"246",0.278650791965672,4.46225701382106,8.3716738469916,"LakeTrout","Delaney","DEL086"
"247",0.31244219543876,4.30198383572128,7.82674504145234,"LakeTrout","Delaney","DEL069"
"248",0.324487947752842,4.44781928991682,8.3225855857172,"LakeTrout","Delaney","DEL079"
"249",0.467769101835318,4.44331239210604,8.30726213316053,"LakeTrout","Delaney","DEL075"
"250",0.328646689717375,4.65771870332367,9.03624359130048,"LakeTrout","Dogpaw","DP004"
"251",0.280665012222326,4.62004413486007,8.90815005852422,"LakeTrout","Dogpaw","DP008"
"252",0.393459295070011,4.58085906065902,8.77492080624066,"LakeTrout","Dogpaw","DP009"
"253",0.419161591925645,4.48982373125256,8.46540068625871,"LakeTrout","Dogpaw","DP012"
"254",0.363843696571441,4.49163158448094,8.4715473872352,"LakeTrout","Dogpaw","DP017"
"255",0.424844756417894,4.39260175519988,8.13484596767958,"LakeTrout","Dogpaw","DP007"
"256",0.448712673784107,4.37835016941883,8.08639057602404,"LakeTrout","Dogpaw","DP014"
"257",0.439796236973077,4.63771637289342,8.96823566783763,"LakeTrout","Dogpaw","DP013"
"258",0.411731612250326,4.41316303473306,8.20475431809241,"LakeTrout","Dogpaw","DP005"
"259",0.466363866526361,4.44736778328652,8.32105046317416,"LakeTrout","Dogpaw","DP010"
"260",0.46634622524589,4.35046113501571,7.99156785905343,"LakeTrout","Dogpaw","DP001"
"261",0.487396469070391,4.4430730775805,8.30644846377371,"LakeTrout","Dogpaw","DP019"
"262",0.480734350224132,4.42650230514126,8.25010783748028,"LakeTrout","Dogpaw","DP015"
"263",0.4978678756555,4.509064429766,8.53081906120438,"LakeTrout","Dogpaw","DP002"
"264",0.532582939090474,4.46048125394502,8.36563626341305,"LakeTrout","Dogpaw","DP018"
"265",0.553311041540734,4.32873303084457,7.91769230487155,"LakeTrout","Dogpaw","DP006"
"266",0.558666511488446,4.59347679148644,8.81782109105389,"LakeTrout","Dogpaw","DP003"
"267",0.692822888713031,4.41175882599871,8.19998000839563,"LakeTrout","Dogpaw","DP011"
"268",0.524497564625514,4.54205334849926,8.6429813848975,"LakeTrout","Dogpaw","DP016"
"269",0.486136377272962,4.28351645948022,7.76395596223274,"LakeTrout","Dryberry","DRY013"
"270",0.492187539205576,4.46616330824895,8.38495524804642,"LakeTrout","Dryberry","DRY008"
"271",0.525824846678454,4.45493514323352,8.34677948699397,"LakeTrout","Dryberry","DRY009"
"272",0.552202128773586,4.43414376960814,8.27608881666767,"LakeTrout","Dryberry","DRY015"
"273",0.568066275221856,4.36057665989647,8.025960643648,"LakeTrout","Dryberry","DRY006"
"274",0.582091965140004,4.69659171547953,9.16841183263041,"LakeTrout","Dryberry","DRY007"
"275",0.603150756367112,4.68706035053874,9.13600519183173,"LakeTrout","Dryberry","DRY016"
"276",0.502820599827062,4.99019327888544,10.1666571482105,"LakeTrout","Dryberry","DRY012"
"277",0.568896915801132,4.49872023764891,8.4956488080063,"LakeTrout","Dryberry","DRY011"
"278",0.555013820098462,4.95498768348859,10.0469581238612,"LakeTrout","Dryberry","DRY001"
"279",0.659484388900545,4.41120062816552,8.19808213576278,"LakeTrout","Dryberry","DRY018"
"280",0.663378906349838,4.76713133714831,9.40824654630426,"LakeTrout","Dryberry","DRY010"
"281",0.764982907481196,4.35906251681102,8.02081255715748,"LakeTrout","Dryberry","DRY014"
"282",0.831133212626011,5.08698343008853,10.495743662301,"LakeTrout","Dryberry","DRY017"
"283",0.001,5.39311819481399,11.5366018623676,"LakeTrout","Eagle","E001"
"284",0.112110337675718,4.77654197585618,9.44024271791101,"LakeTrout","Eagle","E002"
"285",0.61953685170235,4.20171908288401,7.48584488180565,"LakeTrout","Eagle","E003"
"286",0.617592093588017,4.55942280275986,8.70203752938352,"LakeTrout","Eagle","E004"
"287",0.54655825807904,5.3782152976364,11.4859320119638,"LakeTrout","Eagle","E005"
"288",0.547335487121998,4.82957496611023,9.62055488477478,"LakeTrout","Eagle","E006"
"289",0.001,5.47195774495128,11.8046563328344,"LakeTrout","Eagle","E007"
"290",0.001,5.29611517802858,11.2067916052972,"LakeTrout","Eagle","E008"
"291",0.192507992015675,4.47363463660515,8.4103577644575,"LakeTrout","Eagle","E009"
"292",0.001,5.25830812834573,11.0782476363755,"LakeTrout","Eagle","E010"
"293",0.001,5.58945600311552,12.2041504105928,"LakeTrout","Eagle","E011"
"294",0.001,5.58945600311552,12.2041504105928,"LakeTrout","Eagle","E011"
"295",0.001,5.29611517802858,11.2067916052972,"LakeTrout","Eagle","E008"
"296",0.001,5.25830812834573,11.0782476363755,"LakeTrout","Eagle","E010"
"297",0.001,5.39311819481399,11.5366018623676,"LakeTrout","Eagle","E001"
"298",0.001,5.47195774495128,11.8046563328344,"LakeTrout","Eagle","E007"
"299",0.026195552848005,4.56858432925409,8.7331867194639,"LakeTrout","Eagle-1","17250"
"300",0.065793481571733,4.73265503216212,9.2910271093512,"LakeTrout","Eagle-1","17251"
"301",0.001,4.67594058823529,9.098198,"LakeTrout","Eagle-1","17252"
"302",0.269875114224794,4.4886574331225,8.46143527261651,"LakeTrout","Eagle-1","17253"
"303",0.158696314346634,4.6439476088943,8.98942187024063,"LakeTrout","Eagle-1","17254"
"304",0.498324703015534,4.75784361505796,9.37666829119708,"LakeTrout","Eagle-1","17255"
"305",0.108437404812671,4.63513841357438,8.95947060615291,"LakeTrout","Eagle-1","17256"
"306",0.251599147121535,4.5787695973912,8.76781663113006,"LakeTrout","Eagle-1","17976"
"307",0.128236369174535,4.70099729444016,9.18339080109656,"LakeTrout","Eagle-1","17977"
"308",0.221139201949436,4.80934869470176,9.55178556198599,"LakeTrout","Eagle-1","17978"
"309",0.298812062138288,4.46093082008923,8.36716478830338,"LakeTrout","Eagle-1","17979"
"310",0.155650319829424,4.65553493039007,9.02881876332622,"LakeTrout","Eagle-1","17980"
"311",0.10011115774434,4.9549748911735,10.0469146299899,"LakeTrout","Eva","EV015"
"312",0.260349134868171,4.7268228762312,9.27119777918609,"LakeTrout","Eva","EV010"
"313",0.202644577987456,4.65373168159909,9.0226877174369,"LakeTrout","Eva","EV011"
"314",0.198577117579368,4.66412689659499,9.05803144842297,"LakeTrout","Eva","EV022"
"315",0.0827265600711008,4.69812340214698,9.17361956729975,"LakeTrout","Eva","EV008"
"316",0.310559257318339,4.68185432176089,9.11830469398703,"LakeTrout","Eva","EV014"
"317",0.232332374304984,4.65390354790947,9.02327206289219,"LakeTrout","Eva","EV020"
"318",0.281568826465588,4.68365520022704,9.12442768077194,"LakeTrout","Eva","EV009"
"319",0.301184791696899,4.59378829159103,8.81888019140952,"LakeTrout","Eva","EV016"
"320",0.308668536555891,4.60209628408933,8.84712736590371,"LakeTrout","Eva","EV019"
"321",0.33550387291372,4.66080063027572,9.04672214293744,"LakeTrout","Eva","EV021"
"322",0.356918145770409,4.68176744779331,9.11800932249727,"LakeTrout","Eva","EV012"
"323",0.362225573926094,4.49601348700206,8.48644585580702,"LakeTrout","Eva","EV013"
"324",0.383365458829854,4.75359768984675,9.36223214547893,"LakeTrout","Eva","EV007"
"325",0.193165154197362,4.64605892891308,8.99660035830447,"LakeTrout","Eva","EV017"
"326",0.255686867257656,4.75744647343887,9.37531800969215,"LakeTrout","Eva","EV018"
"327",0.141879789412693,4.84191022864476,9.66249477739219,"LakeTrout","Gilmour","G3"
"328",0.266220453119386,4.65580429275582,9.0297345953698,"LakeTrout","Gilmour","G6"
"329",0.294363767534572,4.5919023324969,8.81246793048946,"LakeTrout","Gilmour","G5"
"330",0.310337341023994,4.46673340254561,8.38689356865506,"LakeTrout","Gilmour","G8"
"331",0.316327372155822,4.61533505526212,8.8921391878912,"LakeTrout","Gilmour","G7"
"332",0.526990698156474,4.53130774923626,8.60644634740327,"LakeTrout","Gilmour","G4"
"333",0.54082583374494,4.46537579725819,8.38227771067784,"LakeTrout","Gilmour","G2"
"334",0.569918513505599,4.57732493399073,8.76290477556848,"LakeTrout","Gilmour","G1"
"335",0.0118930469255206,3.70607268918189,5.80064714321843,"LakeTrout","Hogan","H81"
"336",0.162144684679619,4.9430349086641,10.0063186894579,"LakeTrout","Hogan","H86"
"337",0.233446734332386,4.66552379720668,9.06278091050271,"LakeTrout","Hogan","H79"
"338",0.212528467399555,4.82654002224178,9.61023607562207,"LakeTrout","Hogan","H83"
"339",0.441504765653555,4.87237146882148,9.76606299399303,"LakeTrout","Hogan","H85"
"340",0.663508308263278,4.62545784335405,8.92655666740378,"LakeTrout","Hogan","H17"
"341",0.584446256361234,4.39530965166984,8.14405281567745,"LakeTrout","Hogan","H80"
"342",0.79081733067169,4.86131617682162,9.72847500119352,"LakeTrout","Hogan","H15"
"343",0.845024882615907,4.79884008512724,9.51605628943262,"LakeTrout","Hogan","H82"
"344",0.145040413940655,4.80205169173214,9.52697575188927,"LakeTrout","Kaiashkons","KAL007"
"345",0.184986384028644,4.79045058570083,9.48753199138283,"LakeTrout","Kaiashkons","KAL008"
"346",0.187788345585517,4.75998289391335,9.38394183930539,"LakeTrout","Kaiashkons","KAL006"
"347",0.192910097314437,4.65261746410208,9.01889937794706,"LakeTrout","Kaiashkons","KAL011"
"348",0.164264838072238,5.08348781012391,10.4838585544213,"LakeTrout","Kaiashkons","KAL014"
"349",0.201230121352855,4.8555636491588,9.70891640713992,"LakeTrout","Kaiashkons","KAL001"
"350",0.242028025948905,4.5939584683845,8.8194587925073,"LakeTrout","Kaiashkons","KAL003"
"351",0.203915445648979,5.24821281960663,11.0439235866625,"LakeTrout","Kaiashkons","KAL013"
"352",0.249642083314961,4.66476359680592,9.06019622914014,"LakeTrout","Kaiashkons","KAL004"
"353",0.228949087962076,5.10178140909411,10.54605679092,"LakeTrout","Kaiashkons","KAL002"
"354",0.275365218284749,5.04921767961354,10.3673401106861,"LakeTrout","Kaiashkons","KAL012"
"355",0.289763031930054,4.93636080670318,9.98362674279082,"LakeTrout","Kaiashkons","KAL009"
"356",0.394879851935703,4.78186257367781,9.45833275050456,"LakeTrout","Kaiashkons","KAL010"
"357",0.423665807521386,4.80945138186148,9.55213469832903,"LakeTrout","Kaiashkons","KAL015"
"358",0.155297259312922,4.83893539186419,9.65238033233825,"LakeTrout","Kaiashkons","KAL005"
"359",0.465193962075218,4.6225945734691,8.91682154979492,"LakeTrout","Kakagi","KAK009"
"360",0.350964489623037,4.66660345687714,9.06645175338228,"LakeTrout","Kakagi","KAK008"
"361",0.511234131710429,4.59216793061319,8.81337096408486,"LakeTrout","Kakagi","KAK007"
"362",0.600697680107313,4.5312168754558,8.60613737654973,"LakeTrout","Kakagi","KAK001"
"363",0.551395074555231,4.61620219954354,8.89508747844804,"LakeTrout","Kakagi","KAK002"
"364",0.517558733179052,4.9772231562318,10.1225587311881,"LakeTrout","Kakagi","KAK005"
"365",0.594483945812138,4.93904666068553,9.99275864633081,"LakeTrout","Kakagi","KAK010"
"366",0.702592286383947,4.99354556970451,10.1780549369953,"LakeTrout","Kakagi","KAK006"
"367",0.820426250520465,4.5756804943665,8.75731368084609,"LakeTrout","Kakagi","KAK003"
"368",0.746674738072503,4.84624037289326,9.6772172678371,"LakeTrout","Kakagi","KAK004"
"369",0.881784265343881,4.57213487944831,8.74525859012425,"LakeTrout","Kakagi","KAK012"
"370",0.92502662018444,4.65881560755801,9.03997306569724,"LakeTrout","Kakagi","KAK013"
"371",0.957011074596107,4.49728020413347,8.49075269405379,"LakeTrout","Kakagi","KAK011"
"372",0.107604150360949,4.35329245287474,8.0011943397741,"LakeTrout","Katimiagamak","KAT010"
"373",0.0423278309317445,4.78816237671732,9.47975208083888,"LakeTrout","Katimiagamak","KAT007"
"374",0.105209549940672,4.84481477354316,9.67237023004674,"LakeTrout","Katimiagamak","KAT008"
"375",0.14530061899601,4.78380578521095,9.46493966971723,"LakeTrout","Katimiagamak","KAT002"
"376",0.129481202470213,4.83810619028647,9.64956104697398,"LakeTrout","Katimiagamak","KAT011"
"377",0.159367294196981,5.02470468798499,10.283995939149,"LakeTrout","Katimiagamak","KAT004"
"378",0.166450125184252,4.59389661591283,8.81924849410363,"LakeTrout","Katimiagamak","KAT005"
"379",0.178233530141456,4.65377476482975,9.02283420042115,"LakeTrout","Katimiagamak","KAT003"
"380",0.192449297466789,4.89176764267211,9.83200998508516,"LakeTrout","Katimiagamak","KAT012"
"381",0.24228824234062,4.63598708176072,8.96235607798644,"LakeTrout","Katimiagamak","KAT009"
"382",0.266473518882513,4.58410477503646,8.78595623512396,"LakeTrout","Katimiagamak","KAT006"
"383",0.600061012812691,4.65309424685066,9.02052043929225,"LakeTrout","Kwinkwaga","17203"
"384",0.601586333129957,4.63927394752898,8.97353142159854,"LakeTrout","Kwinkwaga","17204"
"385",0.688529591214155,4.76916394501669,9.41515741305674,"LakeTrout","Kwinkwaga","17205"
"386",0.555826723611958,4.55094175070883,8.67320195241001,"LakeTrout","Kwinkwaga","17993"
"387",0.526845637583893,4.48705684958547,8.4559932885906,"LakeTrout","Kwinkwaga","17994"
"388",0.282794386821233,4.32771650576033,7.91423611958511,"LakeTrout","Kwinkwaga","17995"
"389",0.693105552165955,4.72770304705165,9.2741903599756,"LakeTrout","Kwinkwaga","17996"
"390",0.653447223917022,4.68703082941535,9.1359048200122,"LakeTrout","Kwinkwaga","17997"
"391",0.413971934106162,4.51858252880164,8.56318059792557,"LakeTrout","Kwinkwaga","17998"
"392",0.471934106162294,4.26988174281305,7.71759792556437,"LakeTrout","Kwinkwaga","17999"
"393",0.571079926784625,4.35685640455084,8.01331177547285,"LakeTrout","Kwinkwaga","18000"
"394",0.520744356314826,4.35998510569573,8.02394935936547,"LakeTrout","Kwinkwaga","18001"
"395",0.757662501935688,4.77949720052567,9.45029048178727,"LakeTrout","Lake_of_Bays","LB001"
"396",0.26409443542226,4.85783537890333,9.71664028827132,"LakeTrout","Lake_of_Bays","LB032"
"397",0.404857317460597,4.97104146014024,10.1015409644768,"LakeTrout","Lake_of_Bays","LB040"
"398",0.312882804981042,5.03628901957899,10.3233826665686,"LakeTrout","Lake_of_Bays","LB039"
"399",0.516105558379955,5.71675460792735,12.636965666953,"LakeTrout","Lake_of_Bays","LB002"
"400",0.685593954826415,4.9845535688183,10.1474821339822,"LakeTrout","Lake_of_Bays","LB006"
"401",0.592795387872072,5.00289366194596,10.2098384506163,"LakeTrout","Lake_of_Bays","LB007"
"402",0.85773842216266,4.97290387712358,10.1078731822202,"LakeTrout","Lake_of_Bays","LB003"
"403",0.868361740322337,4.9590338249474,10.0607150048212,"LakeTrout","Lake_of_Bays","LB005"
"404",0.934514769394113,4.05874100841389,6.99971942860724,"LakeTrout","Lake_of_Bays","LB036"
"405",0.61120078927389,4.85642807709581,9.71185546212575,"LakeTrout","Lake_of_Bays","LB004"
"406",0.376251019737348,4.32997654500205,7.92192025300697,"LakeTrout","Longlegged","LLG007"
"407",0.449760110077791,4.2398394147897,7.61545401028498,"LakeTrout","Longlegged","LLG002"
"408",0.512487697695579,4.07452589954414,7.05338805845007,"LakeTrout","Longlegged","LLG001"
"409",0.556706656788359,4.17903951621154,7.40873435511922,"LakeTrout","Longlegged","LLG016"
"410",0.555812483314501,4.11070937818358,7.17641188582415,"LakeTrout","Longlegged","LLG010"
"411",0.566681591187521,4.21861576403812,7.54329359772962,"LakeTrout","Longlegged","LLG008"
"412",0.540612463405008,4.17212876076043,7.38523778658546,"LakeTrout","Longlegged","LLG004"
"413",0.578717088144092,4.29944700124395,7.81811980422945,"LakeTrout","Longlegged","LLG011"
"414",0.586460971108112,4.19398504602661,7.45954915649046,"LakeTrout","Longlegged","LLG005"
"415",0.545036551659153,4.07667902961055,7.06070870067588,"LakeTrout","Longlegged","LLG012"
"416",0.559640582167131,4.40359119301303,8.17221005624431,"LakeTrout","Longlegged","LLG015"
"417",0.585342658555033,3.90771597763621,6.48623432396313,"LakeTrout","Longlegged","LLG006"
"418",0.592092270908316,4.42514370502058,8.24548859706998,"LakeTrout","Longlegged","LLG009"
"419",0.611275595972279,3.87326185611078,6.36909031077667,"LakeTrout","Longlegged","LLG003"
"420",0.721409957162312,4.21974082521008,7.54711880571429,"LakeTrout","Longlegged","LLG022"
"421",0.00240100606532652,4.6680611497401,9.07140790911633,"LakeTrout","Lower_Manitou","LML001"
"422",0.145182231869952,4.98270572889383,10.141199478239,"LakeTrout","Lower_Manitou","LML015"
"423",0.153132281257381,4.83207109968638,9.62904173893368,"LakeTrout","Lower_Manitou","LML005"
"424",0.16458825090529,4.54690019832145,8.65946067429294,"LakeTrout","Lower_Manitou","LML008"
"425",0.207233665578097,4.60704557845858,8.86395496675917,"LakeTrout","Lower_Manitou","LML002"
"426",0.225562650712421,4.3427123015558,7.96522182528972,"LakeTrout","Lower_Manitou","LML017"
"427",0.227169694738764,5.26162224877484,11.0895156458344,"LakeTrout","Lower_Manitou","LML011"
"428",0.227753554369259,4.44165932562748,8.30164170713342,"LakeTrout","Lower_Manitou","LML007"
"429",0.217697215779091,4.68284022665513,9.12165677062746,"LakeTrout","Lower_Manitou","LML003"
"430",0.25579001403426,5.0139963971079,10.2475877501669,"LakeTrout","Lower_Manitou","LML012"
"431",0.247186427982309,4.61084220826694,8.8768635081076,"LakeTrout","Lower_Manitou","LML010"
"432",0.243961460548752,5.09853463938713,10.5350177739162,"LakeTrout","Lower_Manitou","LML009"
"433",0.271317897385413,5.07312083858298,10.4486108511821,"LakeTrout","Lower_Manitou","LML006"
"434",0.341589409632362,5.10740737439575,10.5651850729455,"LakeTrout","Lower_Manitou","LML004"
"435",0.15311796885357,4.82754717522783,9.61366039577462,"LakeTrout","Lower_Manitou","LML013"
"436",0.181201126996523,4.38853313458033,8.12101265757313,"LakeTrout","Lower_Manitou","LML016"
"437",0.216264047487274,4.44841986089661,8.32462752704847,"LakeTrout","Lower_Manitou","LML018"
"438",0.25193257460396,4.84533413311436,9.67413605258883,"LakeTrout","Lower_Manitou","LML014"
"439",0.207881182177327,4.58863998717455,8.80137595639346,"LakeTrout","Mameigwess-1","16433"
"440",0.130269540431064,4.64247791580502,8.98442491373706,"LakeTrout","Mameigwess-1","16434"
"441",0.283892583887583,4.63997518745459,8.9759156373456,"LakeTrout","Mameigwess-1","16435"
"442",0.150272540881132,4.61016674560008,8.87456693504025,"LakeTrout","Mameigwess-1","16436"
"443",0.107866179926989,4.7413723087875,9.32066584987748,"LakeTrout","Mameigwess-1","16437"
"444",0.263889583437516,4.504639298836,8.51577361604241,"LakeTrout","Mameigwess-1","16438"
"445",0.0790618592788919,4.56978274682379,8.73726133920088,"LakeTrout","Mameigwess-1","16439"
"446",0.169475421313197,4.21279508102686,7.52350327549132,"LakeTrout","Mameigwess-1","16440"
"447",0.31269690453568,4.99980004353594,10.1993201480222,"LakeTrout","Mameigwess-1","16441"
"448",0.11426714007101,4.65891508726309,9.0403112966945,"LakeTrout","Mameigwess-1","16442"
"449",0.131069660449067,4.30165605723211,7.82563059458919,"LakeTrout","Mameigwess-1","16443"
"450",0.151072660899135,4.3869919458507,8.11577261589238,"LakeTrout","Mameigwess-1","16444"
"451",0.297823968821046,4.48388495118736,8.44520883403702,"LakeTrout","Mendelssohn","25031"
"452",0.184150698278662,4.3517555356017,7.99596882104579,"LakeTrout","Mendelssohn","25032"
"453",0.234166937317311,4.35706894904763,8.01403442676193,"LakeTrout","Mendelssohn","25033"
"454",0.184150698278662,4.41057906501347,8.19596882104579,"LakeTrout","Mendelssohn","25034"
"455",0.329652484572914,4.34582236402193,7.97579603767457,"LakeTrout","Mendelssohn","25035"
"456",0.452419616758688,4.27758095638385,7.7437752517051,"LakeTrout","Mendelssohn","25036"
"457",0.584280610587853,4.13543931375733,7.26049366677493,"LakeTrout","Mendelssohn","25037"
"458",0.784345566742449,4.13316355577632,7.25275608963949,"LakeTrout","Mendelssohn","25038"
"459",0.999,4.28145663865546,7.75695257142857,"LakeTrout","Mendelssohn","25039"
"460",0.193244559922053,4.3690317712015,8.05470802208509,"LakeTrout","Mendelssohn","25040"
"461",0.30776928025159,4.25777490361451,7.67643467228933,"LakeTrout","Midlothian","1743"
"462",0.346794367807876,4.23347456558208,7.59381352297906,"LakeTrout","Midlothian","1744"
"463",0.331927667786434,4.34903435822188,7.9867168179544,"LakeTrout","Midlothian","1745"
"464",0.360731899077979,4.56723284821755,8.72859168393968,"LakeTrout","Midlothian","1746"
"465",0.272460867700665,4.52597941113405,8.58832999785576,"LakeTrout","Midlothian","1747"
"466",0.160960617539847,4.51473667946201,8.55010471017082,"LakeTrout","Midlothian","1748"
"467",0.287327567722107,4.6457137361413,8.99542670288042,"LakeTrout","Midlothian","1749"
"468",0.379315274104782,4.45440075447662,8.3449625652205,"LakeTrout","Midlothian","1750"
"469",0.225073261382317,4.55296595605578,8.68008425058967,"LakeTrout","Midlothian","1751"
"470",0.124723036237581,4.87343573284506,9.76968149167322,"LakeTrout","Midlothian","1752"
"471",0.212064898863555,4.59341900990973,8.81762463369309,"LakeTrout","Midlothian","7146"
"472",0.476877992995497,4.67894402704259,9.10840969194482,"LakeTrout","Midlothian","7147"
"473",0.166535630047888,4.72471058075149,9.26401597455507,"LakeTrout","Midlothian","7148"
"474",0.157483014305348,5.45103493579814,11.7335187817137,"LakeTrout","Muskoka","MA010"
"475",0.327549624744497,5.60982170234216,12.2733937879634,"LakeTrout","Muskoka","MA005"
"476",0.173939600039004,5.73811173454286,12.7095798974457,"LakeTrout","Muskoka","MA001"
"477",0.0903496463295065,5.76726557375197,12.8087029507567,"LakeTrout","Muskoka","MA007"
"478",0.264762727076966,5.69876313078602,12.5757946446725,"LakeTrout","Muskoka","MA002"
"479",0.314742715093142,5.64101829362325,12.379462198319,"LakeTrout","Muskoka","MA016"
"480",0.314134138828178,5.75270818937904,12.7592078438887,"LakeTrout","Muskoka","MA003"
"481",0.232613933983101,5.73741819611694,12.7072218667976,"LakeTrout","Muskoka","MA009"
"482",0.214498430337744,5.69065179407366,12.5482160998504,"LakeTrout","Muskoka","MA015"
"483",0.28339980028206,5.74873880755186,12.7457119456763,"LakeTrout","Muskoka","MA004"
"484",0.257194868942429,5.70808305218536,12.6074823774302,"LakeTrout","Muskoka","MA012"
"485",0.222998140532422,5.73285204513019,12.6916969534426,"LakeTrout","Muskoka","MA006"
"486",0.18187830923495,5.6787796080582,12.5078506673979,"LakeTrout","Muskoka","MA008"
"487",0.336747369507992,5.59508320911357,12.2232829109861,"LakeTrout","Muskoka","MA017"
"488",0.219701492153552,5.72327354821964,12.6591300639468,"LakeTrout","Muskoka","MA014"
"489",0.134456236004284,4.80250677235162,9.52852302599552,"LakeTrout","Panache","5253"
"490",0.0945380196670237,4.64579713299009,8.99571025216629,"LakeTrout","Panache","5254"
"491",0.0195696621555837,4.63061360655644,8.94408626229189,"LakeTrout","Panache","5255"
"492",0.166585532080616,4.5926274433442,8.81493330737027,"LakeTrout","Panache","5256"
"493",0.106221400058417,4.59568058554354,8.82531399084802,"LakeTrout","Panache","5257"
"494",0.103300554960569,4.7508567812287,9.35291305617759,"LakeTrout","Panache","5258"
"495",0.189952292863402,4.6394531719805,8.97414078473372,"LakeTrout","Panache","5259"
"496",0.078960179145166,4.65379566684039,9.02290526725733,"LakeTrout","Panache","5260"
"497",0.0653295686885408,4.67991203101823,9.11170090546198,"LakeTrout","Panache","5261"
"498",0.185084217700322,4.99121741969108,10.1701392269497,"LakeTrout","Panache","5262"
"499",0.274328691280136,4.43954917862093,8.29446720731118,"LakeTrout","Pickerel","PIC017"
"500",0.308604700921746,4.46007999802278,8.36427199327746,"LakeTrout","Pickerel","PIC003"
"501",0.272998230558436,4.42549803568047,8.2466933213136,"LakeTrout","Pickerel","PIC007"
"502",0.281840145805754,4.34771299108851,7.98222416970094,"LakeTrout","Pickerel","PIC010"
"503",0.320994214669086,4.42120553090809,8.23209880508751,"LakeTrout","Pickerel","PIC016"
"504",0.272116979535913,4.40581379839644,8.1797669145479,"LakeTrout","Pickerel","PIC011"
"505",0.340224344188518,4.69741718461862,9.1712184277033,"LakeTrout","Pickerel","PIC009"
"506",0.331417076213074,4.67190594042684,9.08448019745124,"LakeTrout","Pickerel","PIC008"
"507",0.366327144106102,4.35131251532577,7.99446255210761,"LakeTrout","Pickerel","PIC015"
"508",0.360090487579467,4.29733363995082,7.81093437583278,"LakeTrout","Pickerel","PIC006"
"509",0.395121644537404,4.50263125293057,8.50894625996393,"LakeTrout","Pickerel","PIC019"
"510",0.416200996377656,4.89076153278189,9.82858921145842,"LakeTrout","Pickerel","PIC005"
"511",0.403406488251478,4.69598466824544,9.1663478720345,"LakeTrout","Pickerel","PIC004"
"512",0.415266023457247,4.41593215789896,8.21416933685648,"LakeTrout","Pickerel","PIC018"
"513",0.439434016935494,4.6966961570101,9.16876693383434,"LakeTrout","Pickerel","PIC014"
"514",0.395956213544119,4.52090693291361,8.57108357190626,"LakeTrout","Pickerel","PIC020"
"515",0.326676640863852,4.69030710833738,9.1470441683471,"LakeTrout","Radisson","12184"
"516",0.421986599882912,4.71183293092167,9.22023196513368,"LakeTrout","Radisson","12185"
"517",0.285461523450205,4.51120532178265,8.53809809406102,"LakeTrout","Radisson","12186"
"518",0.178130488518832,4.50018657615912,8.500634358941,"LakeTrout","Radisson","12187"
"519",0.187575619592793,4.39466210812693,8.14185116763156,"LakeTrout","Radisson","12188"
"520",0.236518571521499,4.64411018554303,8.98997463084629,"LakeTrout","Radisson","12189"
"521",0.301775840759773,4.88160958288213,9.79747258179926,"LakeTrout","Radisson","12190"
"522",0.233083978403695,4.68702817391837,9.13589579132245,"LakeTrout","Radisson","12191"
"523",0.173837247121577,4.53103994398123,8.6055358095362,"LakeTrout","Radisson","12192"
"524",0.140349964222988,4.47228444828787,8.40576712417876,"LakeTrout","Radisson","12193"
"525",0.288865172536464,4.85934992780463,9.72178975453575,"LakeTrout","Raven","3024"
"526",0.244041266453219,4.72894877267876,9.27842582710779,"LakeTrout","Raven","3025"
"527",0.301316257559587,4.82416724213698,9.60216862326574,"LakeTrout","Raven","3026"
"528",0.23740068777422,4.52575208738778,8.58755709711846,"LakeTrout","Raven","3027"
"529",0.232420253764971,4.80276633812543,9.52940554962647,"LakeTrout","Raven","3028"
"530",0.236570615439345,4.52241132525582,8.5761985058698,"LakeTrout","Raven","3029"
"531",0.255662279141468,4.46983708958503,8.39744610458911,"LakeTrout","Raven","3030"
"532",0.302146329894462,4.80397859250424,9.53352721451441,"LakeTrout","Raven","3031"
"533",0.205027866714099,4.51899177600603,8.56457203842049,"LakeTrout","Raven","3032"
"534",0.285544883196964,4.72539864398267,9.26635538954109,"LakeTrout","Raven","3033"
"535",0.23740068777422,4.43751679327014,8.28755709711846,"LakeTrout","Raven","5748"
"536",0.2017075773746,4.39386402159583,8.13913767342583,"LakeTrout","Raven","5749"
"537",0.260642713150718,3.7634110741415,5.99559765208111,"LakeTrout","Raven","5750"
"538",0.203218390804597,4.45453932837503,8.3454337164751,"LakeTrout","Rib","12395"
"539",0.334712643678161,4.82434505296371,9.60277318007663,"LakeTrout","Rib","12396"
"540",0.294252873563218,4.48092066711742,8.43513026819923,"LakeTrout","Rib","12397"
"541",0.31448275862069,4.3452799188641,7.97395172413793,"LakeTrout","Rib","12398"
"542",0.31816091954023,4.40377304485012,8.17282835249042,"LakeTrout","Rib","12399"
"543",0.244597701149425,4.39567523101194,8.14529578544061,"LakeTrout","Rib","12400"
"544",0.278620689655172,4.42570723461798,8.24740459770115,"LakeTrout","Rib","16214"
"545",0.250114942528736,4.34665021410863,7.97861072796935,"LakeTrout","Rib","16215"
"546",0.297931034482758,4.4276490872211,8.25400689655172,"LakeTrout","Rib","16216"
"547",0.25103448275862,4.35612643678161,8.01082988505747,"LakeTrout","Rib","16217"
"548",0.300689655172414,4.60901893171062,8.87066436781609,"LakeTrout","Rib","16218"
"549",0.222528735632184,4.10648118097814,7.16203601532567,"LakeTrout","Rib","16219"
"550",0.0844819559690384,4.78790227871603,9.47886774763449,"LakeTrout","Richardson","R041"
"551",0.145329743340919,4.73092470225183,9.28514398765623,"LakeTrout","Richardson","R037"
"552",0.115427372423651,4.92898599068737,9.95855236833705,"LakeTrout","Rosseau","ROS075"
"553",0.137838636761182,4.91614645382773,9.91489794301427,"LakeTrout","Rosseau","ROS069"
"554",0.133601543501144,4.79740757532474,9.51118575610412,"LakeTrout","Rosseau","ROS065"
"555",0.153112304613164,4.86313961840291,9.7346747025699,"LakeTrout","Rosseau","ROS064"
"556",0.15212891506712,4.96618977337177,10.085045229464,"LakeTrout","Rosseau","ROS070"
"557",0.14184384565859,4.9769004998403,10.121461699457,"LakeTrout","Rosseau","ROS067"
"558",0.158474130225056,4.9632667167354,10.0751068369004,"LakeTrout","Rosseau","ROS074"
"559",0.13620918493345,4.87436909466366,9.77285492185645,"LakeTrout","Rosseau","ROS071"
"560",0.188261847633756,4.8159335647427,9.5741741201252,"LakeTrout","Rosseau","ROS068"
"561",0.191058698890686,4.87146011768715,9.76296440013631,"LakeTrout","Rosseau","ROS073"
"562",0.186027347631468,4.91051288360971,9.89574380427303,"LakeTrout","Rosseau","ROS072"
"563",0.189750533297632,4.86415501061186,9.73812703608033,"LakeTrout","Rosseau","ROS063"
"564",0.205889500910309,4.70836990553379,9.2084576788149,"LakeTrout","Rosseau","ROS066"
"565",0.236172682531089,4.97965944453869,10.1308421114315,"LakeTrout","Rosseau","ROS062"
"566",0.001,4.83799558823529,9.649185,"LakeTrout","Round","RD001"
"567",0.00485316088239756,4.86883666878848,9.75404467388085,"LakeTrout","Round","RD003"
"568",0.0705582338466902,4.97808677629851,10.1254950394149,"LakeTrout","Round","RD002"
"569",0.315948894337802,4.6436769562102,8.98850165111469,"LakeTrout","Round","RD004"
"570",0.534865340156889,4.12205054204495,7.21497184295283,"LakeTrout","Rushbrook","24845"
"571",0.370270110059476,3.96223015436687,6.67158252484736,"LakeTrout","Rushbrook","24846"
"572",0.747870932047659,4.24669699530309,7.63876978403051,"LakeTrout","Rushbrook","24847"
"573",0.097788930822581,3.72071335835407,5.85042541840384,"LakeTrout","Rushbrook","24848"
"574",0.584658855144342,4.01948508344831,6.86624928372424,"LakeTrout","Rushbrook","24849"
"575",0.33845758659527,4.0034116810193,6.81159971546563,"LakeTrout","Rushbrook","24850"
"576",0.532099033768697,4.15977476686895,7.34323420735442,"LakeTrout","Rushbrook","24851"
"577",0.299729297160584,3.83743318149643,6.24727281708787,"LakeTrout","Rushbrook","24852"
"578",0.27759884605505,3.89510933302958,6.44337173230058,"LakeTrout","Rushbrook","24853"
"579",0.0521448754174162,3.70639836206766,5.80175443103005,"LakeTrout","Rushbrook","24854"
"580",0.201525420379774,3.81046669216008,6.15558675334427,"LakeTrout","Rushbrook","24855"
"581",0.001,3.75260294117647,5.95885,"LakeTrout","Shakwa","25073"
"582",0.999,2.71602450980392,2.43448333333333,"LakeTrout","Shakwa","25074"
"583",0.999,2.61896568627451,2.10448333333333,"LakeTrout","Shakwa","25075"
"584",0.999,2.58367156862745,1.98448333333333,"LakeTrout","Shakwa","25076"
"585",0.146341463414635,3.53153993304639,5.20723577235772,"LakeTrout","Shakwa","25077"
"586",0.999,2.78955392156863,2.68448333333333,"LakeTrout","Shakwa","25078"
"587",0.365853658536586,3.89502630320421,6.44308943089431,"LakeTrout","Shakwa","25079"
"588",0.999,2.85425980392157,2.90448333333333,"LakeTrout","Shakwa","25080"
"589",0.621951219512197,3.40732902917264,4.78491869918698,"LakeTrout","Shakwa","25081"
"590",0.999,2.7219068627451,2.45448333333333,"LakeTrout","Shakwa","25082"
"591",0.999,2.61896568627451,2.10448333333333,"LakeTrout","Shakwa","25083"
"592",0.0983852353994202,4.64307988191142,8.98647159849882,"LakeTrout","Shillington","7079"
"593",0.0018810144756334,4.55790886674624,8.69689014693722,"LakeTrout","Shillington","7080"
"594",0.001,4.42502003267974,8.24506811111111,"LakeTrout","Shillington","7081"
"595",0.001,4.41325532679739,8.20506811111111,"LakeTrout","Shillington","14540"
"596",0.067307604932438,4.64770576635972,9.00219960562305,"LakeTrout","Shillington","15541"
"597",0.0869355820694796,4.15376248330259,7.3227924432288,"LakeTrout","Shillington","15542"
"598",0.0844820849273493,4.52874068780238,8.59771833852808,"LakeTrout","Shillington","15543"
"599",0.001,4.33972591503268,7.95506811111111,"LakeTrout","Shillington","15544"
"600",0.0615827782674675,4.32069412587884,7.89036002798804,"LakeTrout","Shillington","15545"
"601",0.0215089916126747,4.43749499545381,8.28748298454297,"LakeTrout","Shillington","15546"
"602",0.0599471135060475,4.53440508574144,8.6169772915209,"LakeTrout","Shillington","15547"
"603",0.0738502639781186,4.30756780926225,7.84573055149164,"LakeTrout","Shillington","15548"
"604",0.0509509573182368,4.1995212473387,7.47837224095159,"LakeTrout","Shillington","15549"
"605",0.001,4.31913767973856,7.88506811111111,"LakeTrout","Shillington","17907"
"606",0.001,4.41913767973856,8.22506811111111,"LakeTrout","Shillington","17908"
"607",0.001,4.30443179738562,7.83506811111111,"LakeTrout","Shillington","17909"
"608",0.120420865395572,4.33351516619549,7.93395156506465,"LakeTrout","Silver","SIL005"
"609",0.141254818742399,4.6961853425206,9.16703016457005,"LakeTrout","Silver","SIL003"
"610",0.146596858062097,4.54919784835493,8.66727268440678,"LakeTrout","Silver","SIL004"
"611",0.185257043615974,4.74594111882116,9.33619980399196,"LakeTrout","Silver","SIL002"
"612",0.210078091977847,4.53617547250299,8.62299660651017,"LakeTrout","Silver","SIL001"
"613",0.265457232925388,4.64619882443653,8.9970760030842,"LakeTrout","Silver","SIL007"
"614",0.340254959166844,5.26391196900154,11.0973006946052,"LakeTrout","Silver","SIL006"
"615",0.0237094047993183,2.94495093380829,3.21283317494818,"LakeTrout","Stormy","ST012"
"616",0.0763881196333139,3.13077220278382,3.84462548946498,"LakeTrout","Stormy","ST017"
"617",0.112625236980427,3.25627659685729,4.2713404293148,"LakeTrout","Stormy","ST011"
"618",0.121840163670251,3.19188316535462,4.05240276220571,"LakeTrout","Stormy","ST001"
"619",0.115689112081357,3.09370821875368,3.71860794376251,"LakeTrout","Stormy","ST005"
"620",0.120912441334525,3.16083352654781,3.94683399026257,"LakeTrout","Stormy","ST008"
"621",0.112929578776316,3.26046991015148,4.28559769451503,"LakeTrout","Stormy","ST014"
"622",0.120816960711216,3.15476896229264,3.92621447179497,"LakeTrout","Stormy","ST015"
"623",0.135771884063593,3.18150109898946,4.01710373656415,"LakeTrout","Stormy","ST009"
"624",0.133633361564895,3.06353130478172,3.61600643625786,"LakeTrout","Stormy","ST002"
"625",0.111482485330009,3.03710247474001,3.52614841411605,"LakeTrout","Stormy","ST010"
"626",0.159759546449158,3.14314857484274,3.88670515446531,"LakeTrout","Stormy","ST016"
"627",0.0937622479728803,3.06778995667115,3.6304858526819,"LakeTrout","Stormy","ST013"
"628",0.163602286464529,3.10400479346056,3.7536162977659,"LakeTrout","Stormy","ST006"
"629",0.144700199163795,3.0484734011581,3.56480956393754,"LakeTrout","Stormy","ST007"
"630",0.158677714133541,3.1363535072069,3.86360192450345,"LakeTrout","Stormy","ST018"
"631",0.155519210888545,3.41669431944312,4.81676068610659,"LakeTrout","Stormy","ST004"
"632",0.246707916385844,3.59826068674703,5.43408633493989,"LakeTrout","Stormy","ST003"
"633",0.274401953905992,3.815343846488,6.17216907805919,"LakeTrout","Stormy","ST020"
"634",0.161613004717355,3.46295566117613,4.97404924799885,"LakeTrout","Stormy","ST019"
"635",0.294668185112331,4.8400657113451,9.65622341857335,"LakeTrout","Sturgeon","16649"
"636",0.280753701211306,4.59122634787428,8.81016958277255,"LakeTrout","Sturgeon","16650"
"637",0.331773475515064,4.75853930805162,9.37903364737551,"LakeTrout","Sturgeon","16651"
"638",0.382793249818822,4.47291109175837,8.40789771197847,"LakeTrout","Sturgeon","16652"
"639",0.200745418780412,4.53172353732879,8.6078600269179,"LakeTrout","Sturgeon","16653"
"640",0.350326120716431,4.7618937534637,9.39043876177658,"LakeTrout","Sturgeon","16654"
"641",0.463961072574801,4.84457208455388,9.67154508748318,"LakeTrout","Sturgeon","16655"
"642",0.41873899989647,4.86157944739134,9.72937012113055,"LakeTrout","Sturgeon","16656"
"643",0.392069572419505,4.64076478505265,8.978600269179,"LakeTrout","Sturgeon","16657"
"644",0.381633709493737,4.57839996833188,8.7665598923284,"LakeTrout","Sturgeon","16658"
"645",0.421058080546641,4.66824875306785,9.07204576043069,"LakeTrout","Sturgeon","16659"
"646",0.459322911274459,4.52240994378909,8.57619380888291,"LakeTrout","Sturgeon","16660"
"647",0.269158297960451,4.04317393713879,6.94679138627187,"LakeTrout","Sturgeon","16661"
"648",0.368878765917797,4.57995408122872,8.77184387617766,"LakeTrout","Sturgeon","16662"
"649",0.365400144942541,4.46700894624337,8.38783041722746,"LakeTrout","Sturgeon","16663"
"650",0.230749515370274,4.70357193181185,9.1921445681603,"LakeTrout","Tadpole","TAD002"
"651",0.259577872792936,4.76632304816633,9.4054983637655,"LakeTrout","Tadpole","TAD007"
"652",0.247612721652807,4.65214714379344,9.01730028889771,"LakeTrout","Tadpole","TAD011"
"653",0.26466209003543,4.87995909848137,9.79186093483665,"LakeTrout","Tadpole","TAD013"
"654",0.279893134037457,4.84896447136792,9.68647920265092,"LakeTrout","Tadpole","TAD009"
"655",0.288154954719828,4.96076618243521,10.0666050202797,"LakeTrout","Tadpole","TAD005"
"656",0.295024678357018,4.6618710756038,9.05036165705294,"LakeTrout","Tadpole","TAD008"
"657",0.295106134882317,4.65336522725614,9.02144177267087,"LakeTrout","Tadpole","TAD003"
"658",0.268287430070448,4.55707780809244,8.69406454751429,"LakeTrout","Tadpole","TAD001"
"659",0.284554884171319,4.81221940174682,9.56154596593918,"LakeTrout","Tadpole","TAD014"
"660",0.300294451211275,4.77064819500703,9.42020386302389,"LakeTrout","Tadpole","TAD012"
"661",0.287960879542563,4.58159239408725,8.77741413989666,"LakeTrout","Tadpole","TAD006"
"662",0.320259744601135,5.00026145931676,10.200888961677,"LakeTrout","Tadpole","TAD010"
"663",0.346177122141983,4.77431530827089,9.43267204812104,"LakeTrout","Tadpole","TAD004"
"664",0.17406701171343,4.60813370294999,8.86765459002997,"LakeTrout","Temagami","12119"
"665",0.0770907109779355,4.76818385758008,9.41182511577227,"LakeTrout","Temagami","12120"
"666",0.401797875238355,5.35502187254635,11.4070743666576,"LakeTrout","Temagami","12121"
"667",0.391991283029148,4.70891326293525,9.21030509397984,"LakeTrout","Temagami","12122"
"668",0.361481885044947,4.87298059512555,9.76813402342686,"LakeTrout","Temagami","12123"
"669",0.321165894851539,4.80858637652827,9.54919368019613,"LakeTrout","Temagami","12124"
"670",0.407245982021248,4.75482077331069,9.36639062925633,"LakeTrout","Temagami","12125"
"671",0.387632797602833,4.9596623776179,10.0628520839008,"LakeTrout","Temagami","12126"
"672",0.388722418959412,5.07197509894723,10.4447153364206,"LakeTrout","Temagami","12127"
"673",0.38218469081994,4.55398112391238,8.6835358213021,"LakeTrout","Temagami","12128"
"674",0.401797875238355,4.5667865784287,8.72707436665759,"LakeTrout","Temagami","12129"
"675",0.390901661672569,4.75248289454709,9.35844184146009,"LakeTrout","Temagami","12130"
"676",0.277581040588396,4.72490105276652,9.26466357940616,"LakeTrout","Temagami","16281"
"677",0.217651865976573,4.70064255612351,9.18218469081994,"LakeTrout","Temagami","16282"
"678",0.348406428766004,4.86346323329114,9.73577499318987,"LakeTrout","Temagami","16283"
"679",0.38218469081994,4.70103994744179,9.1835358213021,"LakeTrout","Temagami","16284"
"680",0.362571506401525,4.99999919880783,10.1999972759466,"LakeTrout","Temagami","16285"
"681",0.301552710433125,4.79872209848254,9.51565513484064,"LakeTrout","Temagami","16286"
"682",0.237265050394988,4.71638918711042,9.23572323617543,"LakeTrout","Temagami","16287"
"683",0.193680196131845,4.6474097457016,9.00119313538545,"LakeTrout","Temagami","16288"
"684",0.300463089076546,4.6864093771532,9.13379188232089,"LakeTrout","Temagami","16289"
"685",0.28193952601471,4.78297546749563,9.46211658948515,"LakeTrout","Temagami","16290"
"686",0.339689457913375,4.72084381559761,9.25086897303187,"LakeTrout","Temagami","16291"
"687",0.001,4.56692205882353,8.727535,"LakeTrout","Thieving Bear","6422"
"688",0.0444752733801206,4.78360868959955,9.46426954463848,"LakeTrout","Thieving Bear","6423"
"689",0.001,4.69633382352941,9.167535,"LakeTrout","Thieving Bear","6424"
"690",0.119552799086013,4.62338633723442,8.91951354659703,"LakeTrout","Thieving Bear","6425"
"691",0.0591643544964908,4.73729920122121,9.30681728415211,"LakeTrout","Thieving Bear","6426"
"692",0.0885425167292314,4.58585669505276,8.79191276317937,"LakeTrout","Thieving Bear","8379"
"693",0.001,4.99339264705882,10.177535,"LakeTrout","Thieving Bear","8380"
"694",0.0738534356128609,4.84098971284286,9.65936502366574,"LakeTrout","Thieving Bear","8381"
"695",0.0224416517055654,4.44424939275531,8.31044793536804,"LakeTrout","Thieving Bear","8382"
"696",0.00448833034111308,4.53026164325694,8.60288958707361,"LakeTrout","Thieving Bear","8383"
"697",0.001,4.34339264705882,7.967535,"LakeTrout","Thieving Bear","8384"
"698",0.001,4.37574558823529,8.077535,"LakeTrout","Thieving Bear","8385"
"699",0.015913171209401,4.65894903464895,9.04042671780643,"LakeTrout","Thieving Bear","8386"
"700",0.0844622164191285,4.65754397123628,9.03564950220336,"LakeTrout","Thieving Bear","8387"
"701",0.001,3.70587382352941,5.799971,"LakeTrout","Turtleshell","25160"
"702",0.001,4.21469735294118,7.529971,"LakeTrout","Turtleshell","25161"
"703",0.375308398302576,4.18630131022112,7.4334244547518,"LakeTrout","Turtleshell","25162"
"704",0.001,3.76763852941176,6.009971,"LakeTrout","Turtleshell","25163"
"705",0.001,3.85293264705882,6.299971,"LakeTrout","Turtleshell","25164"
"706",0.001,3.77057970588235,6.019971,"LakeTrout","Turtleshell","25165"
"707",0.001,4.14116794117647,7.279971,"LakeTrout","Turtleshell","25166"
"708",0.001,3.76763852941176,6.009971,"LakeTrout","Turtleshell","25167"
"709",0.0289154248495016,4.0314931992732,6.90707687752887,"LakeTrout","Turtleshell","25168"
"710",0.001,3.82352088235294,6.199971,"LakeTrout","Turtleshell","25169"
"711",0.001,3.66469735294118,5.659971,"LakeTrout","Turtleshell","25462"
"712",0.112685519314144,4.22189153280582,7.55443121153979,"LakeTrout","Upper_Manitou","TUM016"
"713",0.268541123861313,4.36299418841895,8.03418024062444,"LakeTrout","Upper_Manitou","TUM006"
"714",0.310638816386541,4.45223682871432,8.3376052176287,"LakeTrout","Upper_Manitou","TUM001"
"715",0.305739754595117,4.31693138860133,7.87756672124451,"LakeTrout","Upper_Manitou","TUM008"
"716",0.227947165354714,4.62343417180799,8.91967618414718,"LakeTrout","Upper_Manitou","TUM017"
"717",0.297635329056545,4.8303788519915,9.62328809677111,"LakeTrout","Upper_Manitou","TUM010"
"718",0.330454319064973,4.49376634512112,8.47880557341179,"LakeTrout","Upper_Manitou","TUM003"
"719",0.313970789549599,4.91742484881028,9.91924448595494,"LakeTrout","Upper_Manitou","TUM012"
"720",0.303271854410627,4.51661941614591,8.55650601489608,"LakeTrout","Upper_Manitou","TUM015"
"721",0.342454372397375,4.5531031700301,8.68055077810233,"LakeTrout","Upper_Manitou","TUM005"
"722",0.315697394544144,4.89992092519969,9.85973114567895,"LakeTrout","Upper_Manitou","TUM011"
"723",0.322114398990829,4.59011587054497,8.80639395985289,"LakeTrout","Upper_Manitou","TUM020"
"724",0.334822488916725,4.77579791287867,9.43771290378749,"LakeTrout","Upper_Manitou","TUM004"
"725",0.338994242632156,4.5919425225221,8.81260457657514,"LakeTrout","Upper_Manitou","TUM019"
"726",0.354082237671438,4.42815970246871,8.2557429883936,"LakeTrout","Upper_Manitou","TUM002"
"727",0.34627199094566,4.50957230332421,8.53254583130231,"LakeTrout","Upper_Manitou","TUM007"
"728",0.359610442445023,4.86874260910312,9.75372487095061,"LakeTrout","Upper_Manitou","TUM014"
"729",0.372775036228089,4.84458218909852,9.67157944293496,"LakeTrout","Upper_Manitou","TUM013"
"730",0.40885872507984,4.62349989515768,8.9198996435361,"LakeTrout","Upper_Manitou","TUM009"
"731",0.481411911252784,4.87608016611806,9.7786725648014,"LakeTrout","Upper_Manitou","TUM018"
"732",0.001,4.23128514648998,7.58636949806592,"LakeTrout","Upper_Medicine_Stone","UMS098"
"733",0.023390229259443,4.23163168324788,7.5875477230428,"LakeTrout","Upper_Medicine_Stone","UMS084"
"734",0.17128810827743,4.44666656689692,8.31866632744954,"LakeTrout","Upper_Medicine_Stone","UMS111"
"735",0.435706996821944,4.24494246591969,7.63280438412694,"LakeTrout","Upper_Medicine_Stone","UMS093"
"736",0.516122290422275,4.3634415670963,8.03570132812744,"LakeTrout","Upper_Medicine_Stone","UMS105"
"737",0.542777185684862,4.34650514833982,7.97811750435538,"LakeTrout","Upper_Medicine_Stone","UMS101"
"738",0.581014306289852,4.43344357844537,8.27370816671425,"LakeTrout","Upper_Medicine_Stone","UMS112"
"739",0.58857908029784,4.36366809102879,8.03647150949787,"LakeTrout","Upper_Medicine_Stone","UMS108"
"740",0.62783104775246,4.53560709735234,8.62106413099797,"LakeTrout","Upper_Medicine_Stone","UMS102"
"741",0.227503040129713,4.05942566158158,7.00204724937737,"LakeTrout","Victoria","VIC094"
"742",0.278171868666399,3.85657269201617,6.31234715285496,"LakeTrout","Victoria","VIC098"
"743",0.323773814349414,3.93059048619165,6.56400765305159,"LakeTrout","Victoria","VIC086"
"744",0.314146736927449,3.945970025869,6.61629808795458,"LakeTrout","Victoria","VIC085"
"745",0.312728009728418,3.94404741821609,6.60976122193471,"LakeTrout","Victoria","VIC084"
"746",0.326509931090395,4.1385274710995,7.27099340173828,"LakeTrout","Victoria","VIC093"
"747",0.312423996757196,3.97270226972829,6.70718771707619,"LakeTrout","Victoria","VIC097"
"748",0.31171463315768,4.15080952043436,7.31275236947684,"LakeTrout","Victoria","VIC082"
"749",0.338873125253341,4.01136972108007,6.83865705167223,"LakeTrout","Victoria","VIC091"
"750",0.346068098905558,3.97450497196223,6.71331690467158,"LakeTrout","Victoria","VIC083"
"751",0.335630320226996,4.10677601027539,7.16303843493633,"LakeTrout","Victoria","VIC088"
"752",0.354783137413866,4.08659687181884,7.09442936418407,"LakeTrout","Victoria","VIC080"
"753",0.367349006890964,4.11384214546493,7.18706329458076,"LakeTrout","Victoria","VIC095"
"754",0.386704499391974,4.44550418633699,8.31471423354578,"LakeTrout","Victoria","VIC092"
"755",0.371807863802188,4.09760873085036,7.13186968489124,"LakeTrout","Victoria","VIC079"
"756",0.408796108633967,4.22704165706381,7.57194163401694,"LakeTrout","Victoria","VIC089"
"757",0.426327523307663,4.1672048883625,7.36849662043252,"LakeTrout","Victoria","VIC090"
"758",0.441224158897449,4.28484931288406,7.7684876638058,"LakeTrout","Victoria","VIC087"
"759",0.507397648966355,4.45223044266771,8.33758350507021,"LakeTrout","Victoria","VIC081"
"760",0.551986218078643,4.42255005735825,8.23667019501806,"LakeTrout","Victoria","VIC096"
"761",0.242511498852631,4.12765988595498,7.23404361224692,"LakeTrout","Wapageisi","WAP017"
"762",0.34199157184674,4.64000924120426,8.9760314200945,"LakeTrout","Wapageisi","WAP007"
"763",0.37588856810189,4.53582650937506,8.62181013187521,"LakeTrout","Wapageisi","WAP008"
"764",0.388176501848864,4.36556317963256,8.04291481075069,"LakeTrout","Wapageisi","WAP014"
"765",0.404001291261103,4.59057231319083,8.80794586484882,"LakeTrout","Wapageisi","WAP005"
"766",0.436838720904064,4.24433473366876,7.63073809447379,"LakeTrout","Wapageisi","WAP016"
"767",0.42287951966703,4.44958764507705,8.32859799326196,"LakeTrout","Wapageisi","WAP006"
"768",0.423904564444978,4.30888065913129,7.85019424104639,"LakeTrout","Wapageisi","WAP011"
"769",0.434538000182366,4.13968485079321,7.27492849269691,"LakeTrout","Wapageisi","WAP002"
"770",0.451195543359058,4.34583417334428,7.97583618937056,"LakeTrout","Wapageisi","WAP012"
"771",0.441741212507943,4.42049992077047,8.22969973061961,"LakeTrout","Wapageisi","WAP001"
"772",0.478950566815015,4.29358441048239,7.79818699564011,"LakeTrout","Wapageisi","WAP010"
"773",0.481630642643844,4.46391776997299,8.37732041790817,"LakeTrout","Wapageisi","WAP003"
"774",0.514575502342584,4.32139574484974,7.89274553248913,"LakeTrout","Wapageisi","WAP013"
"775",0.512372077414674,4.44914345051558,8.32708773175296,"LakeTrout","Wapageisi","WAP004"
"776",0.505096259516397,4.54928931815625,8.66758368173126,"LakeTrout","Wapageisi","WAP015"
"777",0.551877374276719,4.3437732014973,7.96882888509083,"LakeTrout","Wapageisi","WAP009"
"778",0.0702849968406631,4.72251948151003,9.25656623713411,"LakeTrout","White_Partridge","WP4"
"779",0.26723069726984,4.56040255898741,8.70536870055719,"LakeTrout","White_Partridge","WP9"
"780",0.289485561418337,4.82264538156588,9.596994297324,"LakeTrout","White_Partridge","WP7"
"781",0.21956983776598,4.53906251729671,8.6328125588088,"LakeTrout","White_Partridge","WP2"
"782",0.255020063843231,4.57630141947793,8.75942482622496,"LakeTrout","White_Partridge","WP5"
"783",0.0850559243728512,4.62979599467378,8.94130638189084,"LakeTrout","White_Partridge","WP6"
"784",0.3702332985943,4.52911417509631,8.59898819532746,"LakeTrout","White_Partridge","WP8"
"785",0.102977983111906,4.6599485514301,9.04382507486234,"LakeTrout","White_Partridge","WP1"
"786",0.369445515792583,4.58139045831581,8.77672755827377,"LakeTrout","White_Partridge","WP3"
"787",0.4303017372252,4.43404481490338,8.2757523706715,"LakeTrout","White_Partridge","WP10"
"788",0.001,3.87235610956263,6.36601077251296,"LakeTrout","Abbess","ABE003"
"789",0.001,4.13562108211782,7.26111167920058,"LakeTrout","Abbess","ABE004"
"790",0.001,4.3743620788184,8.07283106798258,"LakeTrout","Abbess","ABE007"
"791",0.0522494144098773,4.08800665847211,7.09922263880518,"LakeTrout","Abbess","ABE005"
"792",0.0575113256855782,4.10066791703363,7.14227091791434,"LakeTrout","Abbess","ABE012"
"793",0.0815923302997837,4.01693044779577,6.8575635225056,"LakeTrout","Abbess","ABE001"
"794",0.112599195043606,4.44695966943999,8.31966287609598,"LakeTrout","Abbess","ABE010"
"795",0.0963888166223032,4.74165182611899,9.32161620880457,"LakeTrout","Abbess","ABE008"
"796",0.123460681888239,4.63246665274349,8.95038661932787,"LakeTrout","Abbess","ABE014"
"797",0.123797917296893,4.34859736026612,7.98523102490482,"LakeTrout","Abbess","ABE015"
"798",0.165820479225621,4.37446019235594,8.07316465401021,"LakeTrout","Abbess","ABE009"
"799",0.157717211414458,4.42866371063856,8.2574566161711,"LakeTrout","Abbess","ABE002"
"800",0.20318404813753,4.22341602568889,7.55961448734221,"LakeTrout","Abbess","ABE011"
"801",0.190879659495776,4.7598123445153,9.38336197135202,"LakeTrout","Abbess","ABE013"
"802",0.206503866105642,4.61072446025315,8.87646316486071,"LakeTrout","Abbess","ABE006"
"803",0.17841359869916,4.42150759757697,8.23312583176171,"LakeTrout","Abbess","ABE017"
"804",0.21125522353667,4.34717121271417,7.98038212322818,"LakeTrout","Abbess","ABE018"
"805",0.261894493063158,4.41708997929474,8.2181059296021,"LakeTrout","Abbess","ABE016"
"806",0.0748376311608388,4.53437843100569,8.61688666541935,"LakeTrout","Argo","ARG011"
"807",0.00870677192651512,4.1689758617166,7.37451792983644,"LakeTrout","Argo","ARG016"
"808",0.237306020561358,4.25296068820499,7.66006633989698,"LakeTrout","Argo","ARG008"
"809",0.245934242151932,4.33821215479887,7.94992132631617,"LakeTrout","Argo","ARG015"
"810",0.32460298291372,4.34148869753369,7.96106157161456,"LakeTrout","Argo","ARG004"
"811",0.282083132288499,4.20572254268802,7.49945664513926,"LakeTrout","Argo","ARG019"
"812",0.280087514951578,4.14713162803498,7.30024753531894,"LakeTrout","Argo","ARG013"
"813",0.342686157820586,4.16723060020001,7.36858404068004,"LakeTrout","Argo","ARG005"
"814",0.321479317974082,4.24431114130438,7.6306578804349,"LakeTrout","Argo","ARG010"
"815",0.426290642713513,4.12773994579182,7.2343158156922,"LakeTrout","Argo","ARG020"
"816",0.455296376329065,4.42500287180931,8.24500976415166,"LakeTrout","Argo","ARG009"
"817",0.388558622868753,4.49479255873456,8.48229469969752,"LakeTrout","Argo","ARG007"
"818",0.511123294639112,3.86491244222324,6.34070230355901,"LakeTrout","Argo","ARG012"
"819",0.593872119186219,4.14502462429851,7.29308372261495,"LakeTrout","Argo","ARG018"
"820",0.603041082139774,4.41920023832756,8.22528081031372,"LakeTrout","Argo","ARG006"
"821",0.62259780923371,4.52055447101468,8.56988520144991,"LakeTrout","Argo","ARG014"
"822",0.765384455237014,4.26193845204931,7.69059073696767,"LakeTrout","Argo","ARG017"
"823",0.123718535704409,4.85020726852959,9.69070471300062,"LakeTrout","Beaverhouse","BHL004"
"824",0.138417577410469,4.42067857270101,8.23030714718344,"LakeTrout","Beaverhouse","BHL013"
"825",0.13142532493224,4.31062607551726,7.85612865675868,"LakeTrout","Beaverhouse","BHL010"
"826",0.170826922838764,4.13806651398674,7.26942614755492,"LakeTrout","Beaverhouse","BHL008"
"827",0.163477401985733,4.13820500908823,7.26989703089997,"LakeTrout","Beaverhouse","BHL011"
"828",0.174552721604537,4.61940729783848,8.90598481265082,"LakeTrout","Beaverhouse","BHL018"
"829",0.184556236098936,4.34285598535921,7.96571035022132,"LakeTrout","Beaverhouse","BHL009"
"830",0.183178200938993,4.15652126805804,7.33217231139732,"LakeTrout","Beaverhouse","BHL001"
"831",0.190527721792022,4.81984770467265,9.58748219588701,"LakeTrout","Beaverhouse","BHL003"
"832",0.190476683452769,4.69637791178482,9.16768490006838,"LakeTrout","Beaverhouse","BHL020"
"833",0.192773408719341,4.53301497939122,8.61225092993016,"LakeTrout","Beaverhouse","BHL005"
"834",0.197877242645052,4.16154048091576,7.34923763511357,"LakeTrout","Beaverhouse","BHL016"
"835",0.206655836997284,4.75695273728287,9.37363930676176,"LakeTrout","Beaverhouse","BHL007"
"836",0.196499207485109,4.08472648283857,7.08807004165113,"LakeTrout","Beaverhouse","BHL017"
"837",0.208901523924602,4.60116550951087,8.84396273233697,"LakeTrout","Beaverhouse","BHL012"
"838",0.213443936118487,4.56066613894776,8.7062648724224,"LakeTrout","Beaverhouse","BHL014"
"839",0.211147210851915,4.23890780994602,7.61228655381646,"LakeTrout","Beaverhouse","BHL015"
"840",0.22109968700706,4.58323543559435,8.7830004810208,"LakeTrout","Beaverhouse","BHL002"
"841",0.233195773411005,4.87213253955594,9.76525063449021,"LakeTrout","Beaverhouse","BHL019"
"842",0.2167614281702,4.4257917310846,8.24769188568765,"LakeTrout","Beaverhouse","BHL006"
"843",0.116949086728451,4.63737436517005,8.96707284157817,"LakeTrout","Bell","BELL082"
"844",0.212941399756964,4.35853807249811,8.01902944649357,"LakeTrout","Bell","BELL064"
"845",0.254586427326472,4.37912326474754,8.08901910014165,"LakeTrout","Bell","BELL088"
"846",0.256715867570932,4.51113510690166,8.53785936346563,"LakeTrout","Bell","BELL083"
"847",0.289157462207876,4.52202806052108,8.57489540577168,"LakeTrout","Bell","BELL077"
"848",0.288181992339008,4.39236835418331,8.13405240422327,"LakeTrout","Bell","BELL079"
"849",0.313458043194673,4.27408705294434,7.73189598001076,"LakeTrout","Bell","BELL076"
"850",0.306894812193529,4.30241883308763,7.82822403249795,"LakeTrout","Bell","BELL086"
"851",0.1801122870755,4.49254662085285,8.47465851089969,"LakeTrout","Bell","BELL084"
"852",0.336242267433996,4.38340768176191,8.10358611799049,"LakeTrout","Bell","BELL081"
"853",0.32309746239756,4.39124305026635,8.1302263709056,"LakeTrout","Bell","BELL071"
"854",0.335522880048648,4.69116600678011,9.14996442305238,"LakeTrout","Bell","BELL085"
"855",0.357032077228814,4.49310373000296,8.47655268201008,"LakeTrout","Bell","BELL070"
"856",0.368525107878424,4.22102498966001,7.55148496484403,"LakeTrout","Bell","BELL066"
"857",0.382787980900979,4.34994439612986,7.98981094684152,"LakeTrout","Bell","BELL087"
"858",0.375487019480338,4.7151474859798,9.23150145233132,"LakeTrout","Bell","BELL073"
"859",0.400404274203067,4.35589263421216,8.01003495632133,"LakeTrout","Bell","BELL072"
"860",0.434380568621633,4.68746979027823,9.137397286946,"LakeTrout","Bell","BELL089"
"861",0.300594016535577,4.28708029393737,7.77607299938705,"LakeTrout","Bell","BELL065"
"862",0.30438323926297,4.27972162644576,7.75105352991558,"LakeTrout","Bell","BELL102IF"
"863",0.310920946752084,4.24491277058721,7.63270341999652,"LakeTrout","Bell","BELL103IF"
"864",0.100017056771041,4.34613944288974,7.97687410582513,"LakeTrout","Carling","CAR052"
"865",0.111413028830967,4.62082601265037,8.91080844301126,"LakeTrout","Carling","CAR045"
"866",0.10807773737875,4.66370831163128,9.05660825954637,"LakeTrout","Carling","CAR051"
"867",0.116980600494892,4.41563249415932,8.21315048014169,"LakeTrout","Carling","CAR042"
"868",0.12740343631949,4.54092679455265,8.639151101479,"LakeTrout","Carling","CAR046"
"869",0.124890496945987,4.72845292875335,9.2767399577614,"LakeTrout","Carling","CAR050"
"870",0.113693127007018,4.56264593458892,8.71299617760234,"LakeTrout","Carling","CAR048"
"871",0.149636785679473,4.61455406146562,8.8894838089831,"LakeTrout","Carling","CAR047"
"872",0.148364411328043,4.6059596990398,8.86026297673532,"LakeTrout","Carling","CAR001"
"873",0.155476960953892,4.4206139432157,8.2300874069334,"LakeTrout","Carling","CAR043"
"874",0.161911158091057,4.57478263639777,8.75426096375241,"LakeTrout","Carling","CAR040"
"875",0.179526050774119,4.85828302993933,9.71816230179373,"LakeTrout","Carling","CAR049"
"876",0.212609154621574,4.51850154571196,8.56290525542067,"LakeTrout","Carling","CAR044"
"877",0.111841821789365,4.61329996063742,8.88521986616723,"LakeTrout","Carling","CAR041"
"878",0.200691250623222,4.48626038704293,8.45328531594595,"LakeTrout","Crystal","CRY013"
"879",0.0821288382481268,4.32098664269622,7.89135458516716,"LakeTrout","Crystal","CRY001"
"880",0.268252632598273,4.34052265415217,7.95777702411738,"LakeTrout","Crystal","CRY007"
"881",0.26680603631498,4.36472274013102,8.04005731644545,"LakeTrout","Crystal","CRY010"
"882",0.247249730610525,4.14579319550512,7.29569686471742,"LakeTrout","Crystal","CRY017"
"883",0.241909218316445,4.19308867775067,7.45650150435227,"LakeTrout","Crystal","CRY015"
"884",0.292055867724819,4.38363617226284,8.10436298569365,"LakeTrout","Crystal","CRY016"
"885",0.30430912160992,4.41252238214559,8.20257609929502,"LakeTrout","Crystal","CRY006"
"886",0.31644087549061,4.15375429721233,7.32276461052194,"LakeTrout","Crystal","CRY003"
"887",0.323842143630873,4.26657337441391,7.70634947300728,"LakeTrout","Crystal","CRY011"
"888",0.325066387523026,4.02988964636101,6.90162479762742,"LakeTrout","Crystal","CRY004"
"889",0.343639042851985,4.0788306376049,7.06802416785665,"LakeTrout","Crystal","CRY005"
"890",0.347146509805709,4.10509763279163,7.15733195149155,"LakeTrout","Crystal","CRY002"
"891",0.357658107808944,4.05531053157913,6.98805580736905,"LakeTrout","Crystal","CRY020"
"892",0.356034118234939,4.22029665019419,7.54900861066025,"LakeTrout","Crystal","CRY019"
"893",0.351671788020901,4.10046946232161,7.14159617189348,"LakeTrout","Crystal","CRY012"
"894",0.367151746461653,4.18595090473204,7.43223307608893,"LakeTrout","Crystal","CRY009"
"895",0.441168768033971,4.1761764570942,7.39899995412027,"LakeTrout","Crystal","CRY008"
"896",0.450087670688964,4.19551383784405,7.46474704866977,"LakeTrout","Crystal","CRY018"
"897",0.320900401930806,4.40376744023924,8.1728092968134,"LakeTrout","Endikai","1657"
"898",0.306477047635531,4.51361320367586,8.54628489249793,"LakeTrout","Endikai","1658"
"899",0.41345025865882,4.39843359544245,8.15467422450432,"LakeTrout","Endikai","1659"
"900",0.35575684147772,4.34664017860072,7.97857660724245,"LakeTrout","Endikai","1660"
"901",0.334121810034808,4.52317352963801,8.57879000076925,"LakeTrout","Endikai","1661"
"902",0.314890670974441,4.25002670441626,7.65009079501529,"LakeTrout","Endikai","1662"
"903",0.305275101444258,4.24874740945244,7.64574119213831,"LakeTrout","Endikai","1663"
"904",0.329314025269716,4.33429858803846,7.93661519933076,"LakeTrout","Endikai","1664"
"905",0.349747110521356,4.23113473689539,7.58585810544434,"LakeTrout","Endikai","1665"
"906",0.37618992672936,4.22288809216354,7.55781951335603,"LakeTrout","Endikai","1666"
"907",0.324506240504625,4.2454236464389,7.63444039789227,"LakeTrout","Endikai","2137"
"908",0.311284832400623,4.37601755704012,8.07845969393642,"LakeTrout","Endikai","2138"
"909",0.419459989615185,4.21688021361836,7.53739272630243,"LakeTrout","Endikai","4336"
"910",0.137297722924677,4.28124801867259,7.7562432634868,"LakeTrout","Factor","FAC001"
"911",0.186080765399331,4.16206160884864,7.35100947008538,"LakeTrout","Factor","FAC004"
"912",0.083883701840415,4.25889230703474,7.68023384391812,"LakeTrout","Factor","FAC005"
"913",0.174913887682737,4.27500705928994,7.73502400158581,"LakeTrout","Factor","FAC007"
"914",0.157629879118151,4.58400644457006,8.7856219115382,"LakeTrout","Factor","FAC010"
"915",0.19635377331162,4.4425915380326,8.30481122931085,"LakeTrout","Factor","FAC003"
"916",0.172843572918313,4.62758612022972,8.93379280878103,"LakeTrout","Factor","FAC009"
"917",0.181737275338869,4.78560397249743,9.47105350649126,"LakeTrout","Factor","FAC008"
"918",0.221736041232594,4.83325582276479,9.63306979740027,"LakeTrout","Factor","FAC002"
"919",0.231093767937093,4.39047989004901,8.12763162616663,"LakeTrout","Factor","FAC011"
"920",0.217393725763008,4.11582013765809,7.19378846803752,"LakeTrout","Factor","FAC006"
"921",0.999,3.93214481176471,6.56929236,"LakeTrout","George","21180"
"922",0.999,4.05273304705882,6.97929236,"LakeTrout","George","21181"
"923",0.999,4.04685069411765,6.95929236,"LakeTrout","George","21182"
"924",0.999,4.17920363529412,7.40929236,"LakeTrout","George","21183"
"925",0.999,4.21743892941176,7.53929236,"LakeTrout","George","21184"
"926",0.999,3.96449775294118,6.67929236,"LakeTrout","George","21185"
"927",0.999,4.17038010588235,7.37929236,"LakeTrout","George","21186"
"928",0.669405415917156,4.14589942603518,7.29605804851962,"LakeTrout","George","21187"
"929",0.999,4.31155657647059,7.85929236,"LakeTrout","George","21188"
"930",0.999,4.37038010588235,8.05929236,"LakeTrout","George","21189"
"931",0.221258601727712,4.29503556916764,7.80312093516997,"LakeTrout","Indian","IND071"
"932",0.189743478844648,4.32515718113432,7.90553441585669,"LakeTrout","Indian","IND072"
"933",0.352354285999183,4.29329964943288,7.7972188080718,"LakeTrout","Indian","IND070"
"934",0.999,4.14708054705882,7.30007386,"LakeTrout","Johnnie","21231"
"935",0.999,4.19119819411765,7.45007386,"LakeTrout","Johnnie","21233"
"936",0.999,4.08531584117647,7.09007386,"LakeTrout","Johnnie","21234"
"937",0.999,4.19413937058824,7.46007386,"LakeTrout","Johnnie","21235"
"938",0.999,4.19413937058824,7.46007386,"LakeTrout","Johnnie","21236"
"939",1,4.24411764705882,7.63,"LakeTrout","Johnnie","25177"
"940",0.999,4.36766878235294,8.05007386,"LakeTrout","Johnnie","25178"
"941",0.999,4.22355113529412,7.56007386,"LakeTrout","Johnnie","25179"
"942",0.346680948835698,4.23772180738794,7.608254145119,"LakeTrout","Johnnie","25180"
"943",0.999,4.33237466470588,7.93007386,"LakeTrout","Johnnie","25181"
"944",0.855708675816472,4.31195804623653,7.8606573572042,"LakeTrout","Johnnie","25182"
"945",0.999,4.21472760588235,7.53007386,"LakeTrout","Johnnie","25183"
"946",0.999,3.98825701764706,6.76007386,"LakeTrout","Johnnie","25184"
"947",0.999,5.25879597029412,11.079906299,"LakeTrout","Mesomikenda","4776"
"948",0.999,5.08232538205882,10.479906299,"LakeTrout","Mesomikenda","4777"
"949",0.0614644936599062,4.67191846417069,9.08452277818033,"LakeTrout","Mesomikenda","14578"
"950",0.459775305105455,4.76475167969681,9.40015571096914,"LakeTrout","Mesomikenda","15671"
"951",0.001,4.72011550029412,9.248392701,"LakeTrout","Mesomikenda","16012"
"952",0.332015233509713,4.79424246850141,9.50042439290481,"LakeTrout","Mesomikenda","16141"
"953",0.0376660489508953,4.71426305747166,9.22849439540364,"LakeTrout","Mesomikenda","18100"
"954",0.1403751261161,4.79730218112009,9.5108274158083,"LakeTrout","Mesomikenda","18101"
"955",0.146637874723734,4.81990499712448,9.58767699022322,"LakeTrout","Mesomikenda","18102"
"956",0.223043407736874,4.82389464649565,9.60124179808523,"LakeTrout","Mesomikenda","18103"
"957",0.126225866924375,4.72925036386543,9.27945123714248,"LakeTrout","Pipestone","PS043"
"958",0.135937840616076,4.97522337592742,10.1157594781532,"LakeTrout","Pipestone","PS040"
"959",0.135417556311163,4.7966372027769,9.50856648944146,"LakeTrout","Pipestone","PS038"
"960",0.154234505338843,4.71147321834226,9.21900894236369,"LakeTrout","Pipestone","PS039"
"961",0.213026631793987,4.64977340743678,9.00922958528506,"LakeTrout","Pipestone","PS041"
"962",0.0976969442049851,4.9618896966512,10.0704249686141,"LakeTrout","Pipestone","PS042"
"963",0.513014306703768,4.0740622901199,7.05181178640766,"LakeTrout","Wabaskang","WBG001"
"964",0.701442362580685,4.09575201403027,7.12555684770293,"LakeTrout","Wabaskang","WBG002"
"965",0.999,4.43127211264706,8.266325183,"LakeTrout","Windy","4218"
"966",0.999,4.55774270088235,8.696325183,"LakeTrout","Windy","4219"
"967",0.999,4.17538975970588,7.396325183,"LakeTrout","Windy","4220"
"968",0.999,4.47833093617647,8.426325183,"LakeTrout","Windy","4221"
"969",0.999,4.31068387735294,7.856325183,"LakeTrout","Windy","4222"
"970",0.999,4.4724485832353,8.406325183,"LakeTrout","Windy","4223"
"971",0.999,4.59009564205882,8.806325183,"LakeTrout","Windy","4224"
"972",0.969342992458375,4.48715062651229,8.45631213014178,"LakeTrout","Windy","4225"
"973",0.999,4.29303681852941,7.796325183,"LakeTrout","Windy","4226"
"974",0.999,4.41656623029412,8.216325183,"LakeTrout","Windy","4264"
"975",0.999,4.33421328911765,7.936325183,"LakeTrout","Windy","4265"
"976",0.001,4.36709700054939,8.04812980186794,"LakeTrout","Bending","BEN006"
"977",0.001,4.2840356464348,7.76572119787832,"LakeTrout","Bending","BEN001"
"978",0.001,4.47986987169308,8.43155756375648,"LakeTrout","Bending","BEN004"
"979",0.001,4.33518764253175,7.93963798460795,"LakeTrout","Bending","BEN002"
"980",0.001,4.91267780460394,9.90310453565341,"LakeTrout","Bending","BEN005"
"981",0.001,4.5089638655603,8.53047714290502,"LakeTrout","Bending","BEN003"
"982",0.001,4.96614981984133,10.0849093874605,"LakeTrout","Canoe","C2"
"983",0.001,5.12474584925309,10.6241358874605,"LakeTrout","Canoe","C1"
"984",0.011819366191609,4.79625076004554,9.50725258415483,"LakeTrout","Canoe","C7"
"985",0.0279659358319542,5.01289215324039,10.2438333210173,"LakeTrout","Canoe","C3"
"986",0.0359085260529434,4.49646353266361,8.48797601105628,"LakeTrout","Canoe","C8"
"987",0.0590999126870087,4.90280236285772,9.86952803371623,"LakeTrout","Canoe","C4"
"988",0.0796159375069717,4.74472665520813,9.33207062770765,"LakeTrout","Canoe","C5"
"989",0.0991192488600953,4.38033147047603,8.09312699961849,"LakeTrout","Canoe","C9"
"990",0.153286468640031,4.31936945195933,7.88585613666171,"LakeTrout","Canoe","C6"
"991",0.144886358046541,4.64210397272903,8.98315350727869,"LakeTrout","Cirrus","CIR006"
"992",0.170754238936946,4.70642174629655,9.20183393740826,"LakeTrout","Cirrus","CIR005"
"993",0.174615579455193,4.5426119649758,8.64488068091772,"LakeTrout","Cirrus","CIR015"
"994",0.171869227431539,4.6066743051941,8.86269263765993,"LakeTrout","Cirrus","CIR003"
"995",0.165133754239314,4.57473155575164,8.75408728955559,"LakeTrout","Cirrus","CIR004"
"996",0.182071830315521,4.4878173879348,8.45857911897833,"LakeTrout","Cirrus","CIR007"
"997",0.189474700832994,4.78811349928479,9.47958589756828,"LakeTrout","Cirrus","CIR008"
"998",0.198071197088071,4.62785426279468,8.93470449350191,"LakeTrout","Cirrus","CIR017"
"999",0.180885666478845,4.56013115272492,8.70444591926472,"LakeTrout","Cirrus","CIR001"
"1000",0.196541450803016,5.00916333274488,10.2311553313326,"LakeTrout","Cirrus","CIR011"
"1001",0.216992512115259,4.74436570072688,9.33084338247139,"LakeTrout","Cirrus","CIR009"
"1002",0.213382156970664,4.70480283421638,9.1963296363357,"LakeTrout","Cirrus","CIR012"
"1003",0.207552681758782,4.45430707189121,8.3446440444301,"LakeTrout","Cirrus","CIR002"
"1004",0.212145601622686,4.7155185036867,9.23276291253477,"LakeTrout","Cirrus","CIR010"
"1005",0.24184106303306,4.2872495990174,7.77664863665917,"LakeTrout","Cirrus","CIR016"
"1006",0.265847433877551,4.46222177096238,8.37155402127209,"LakeTrout","Cirrus","CIR014"
"1007",0.289518636253056,5.19274726941567,10.8553407160133,"LakeTrout","Cirrus","CIR013"
"1008",0.390714544703176,4.76449268714058,9.39927513627797,"LakeTrout","Conifer","CON065"
"1009",0.844689781992604,5.18000003788125,10.8120001287963,"LakeTrout","Conifer","CON066"
"1010",0.847915900551535,4.8782290100919,9.78597863431248,"LakeTrout","Conifer","CON063"
"1011",0.865618108661918,5.33757585873278,11.3477579196915,"LakeTrout","Conifer","CON064"
"1012",0.916013459189091,5.17338930147476,10.7895236250142,"LakeTrout","Conifer","CON075"
"1013",0.951956200184993,5.421301281334,11.6324243565356,"LakeTrout","Conifer","CON072"
"1014",0.960542727582078,5.06063271735712,10.4061512390142,"LakeTrout","Conifer","CON079"
"1015",0.942149810295791,5.4761847865582,11.8190282742979,"LakeTrout","Conifer","CON069"
"1016",0.930692714492022,4.97314522356264,10.108693760113,"LakeTrout","Conifer","CON061"
"1017",0.975389000296793,5.69000456327027,12.5460155151189,"LakeTrout","Conifer","CON073"
"1018",0.964906615199569,5.52626707941621,11.9893080700151,"LakeTrout","Conifer","CON068"
"1019",0.975134644107599,5.36488323000563,11.4406029820192,"LakeTrout","Conifer","CON071"
"1020",0.999,5.01003656833445,10.2341243323371,"LakeTrout","Conifer","CON067"
"1021",0.999,5.17194833304033,10.7846243323371,"LakeTrout","Conifer","CON070"
"1022",0.999,5.54753656833445,12.0616243323371,"LakeTrout","Conifer","CON060"
"1023",0.999,5.39871303892268,11.5556243323371,"LakeTrout","Conifer","CON059"
"1024",0.001,4.33694607719378,7.94561666245887,"LakeTrout","Mold","M002"
"1025",0.001,4.35735728329171,8.01501476319182,"LakeTrout","Mold","M038"
"1026",0.001,4.27117663532269,7.72200056009715,"LakeTrout","Mold","M033"
"1027",0.001,4.38882455935935,8.12200350182177,"LakeTrout","Mold","M001"
"1028",0.001,4.33411118745796,7.93597803735707,"LakeTrout","Mold","M036"
"1029",0.001,4.33637909924662,7.94368893743851,"LakeTrout","Mold","M037"
"1030",0.001,4.11865956753542,7.20344252962042,"LakeTrout","Mold","M035"
"1031",0.001,4.25445078588134,7.66513267199655,"LakeTrout","Mold","M005"
"1032",0.001,4.35650681637096,8.01212317566128,"LakeTrout","Mold","M003"
"1033",0.001,4.09569696067525,7.12536966629585,"LakeTrout","Mold","M004"
"1034",0.001,4.19009878887816,7.44633588218573,"LakeTrout","Mold","M008"
"1035",0.001,4.08719229146778,7.09645379099046,"LakeTrout","Mold","M034"
"1036",0.001,4.30491182317899,7.83670019880855,"LakeTrout","Mold","M007"
"1037",0.001,4.2405598261758,7.61790340899774,"LakeTrout","Mold","M006"
"1038",0.254913261065525,4.97557611051958,10.1169587757666,"LakeTrout","Burntroot","B1"
"1039",0.188200137670952,4.88720992040001,9.81651372936003,"LakeTrout","Burntroot","B44"
"1040",0.108200699605505,4.83711701263755,9.64619784296769,"LakeTrout","Burntroot","B43"
"1041",0.394729967308561,4.96058729143853,10.065996790891,"LakeTrout","Burntroot","B42"
"1042",0.247027479158266,4.81100687565559,9.55742337722901,"LakeTrout","Burntroot","B41"
"1043",0.371334252399762,4.62654500258702,8.93025300879587,"LakeTrout","Burntroot","B40"
"1044",0.402398943661208,4.87574850062352,9.77754490211996,"LakeTrout","Burntroot","B45"
"1045",0.82623439706349,4.79986426701123,9.51953850783817,"LakeTrout","Burntroot","B39"
"1046",0.715909588273485,4.78552847759569,9.47079682382535,"LakeTrout","Burntroot","B46"
"1047",0.0832266979337069,4.22079301857777,7.55069626316442,"LakeTrout","Canoe_K","CAN087"
"1048",0.0472030772190518,4.346330155296,7.9775225280064,"LakeTrout","Canoe_K","CAN090"
"1049",0.0452152071752856,4.10034252109248,7.14116457171445,"LakeTrout","Canoe_K","CAN091"
"1050",0.0918736716131199,4.4444284145339,8.31105660941527,"LakeTrout","Canoe_K","CAN077"
"1051",0.001,4.13427473378273,7.25653409486128,"LakeTrout","Canoe_K","CAN084"
"1052",0.0124522534823933,4.20659966217681,7.50243885140116,"LakeTrout","Canoe_K","CAN076"
"1053",0.200534939808311,4.57708214412541,8.76207929002639,"LakeTrout","Canoe_K","CAN080"
"1054",0.100362068776281,4.4425998731736,8.30483956879023,"LakeTrout","Canoe_K","CAN086"
"1055",0.189458513542526,4.56213064372499,8.71124418866495,"LakeTrout","Canoe_K","CAN079"
"1056",0.124688720476113,4.65899781210177,9.04059256114601,"LakeTrout","Canoe_K","CAN078"
"1057",0.165441451271579,4.80763676054332,9.54596498584729,"LakeTrout","Canoe_K","CAN088"
"1058",0.159597245037398,4.63372523639461,8.95466580374166,"LakeTrout","Canoe_K","CAN081"
"1059",0.143576869182287,4.69563698910809,9.16516576296752,"LakeTrout","Canoe_K","CAN089"
"1060",0.169793807875643,4.60320091127224,8.85088309832563,"LakeTrout","Canoe_K","CAN083"
"1061",0.123803650881224,4.70431300876136,9.19466422978862,"LakeTrout","Canoe_K","CAN082"
"1062",0.00660614488259223,4.52314620496414,8.57869709687807,"LakeTrout","Canoe_K","CAN074"
"1063",0.158335756666884,4.52097453630015,8.5713134234205,"LakeTrout","Canoe_K","CAN073"
"1064",0.001,4.74215953813195,9.32334242964864,"LakeTrout","Canoe_K","CAN075"
"1065",0.159840765527206,4.67872437736561,9.10766288304308,"LakeTrout","Canoe_K","CAN085"
"1066",0.21243919631077,5.12440995333564,10.6229938413412,"LakeTrout","Three_Mile","TML10"
"1067",0.168000028704482,5.0980373197787,10.5333268872476,"LakeTrout","Three_Mile","TML2"
"1068",0.342190593087157,5.25528102593236,11.06795548817,"LakeTrout","Three_Mile","TML1"
"1069",0.643389395752004,5.16216351611895,10.7513559548044,"LakeTrout","Three_Mile","TML7"
"1070",0.710871094709701,5.16391605008232,10.7573145702799,"LakeTrout","Three_Mile","TML5"
"1071",0.891919555327915,5.28786400705723,11.1787376239946,"LakeTrout","Three_Mile","TML9"
"1072",0.948702936158172,5.21863193915123,10.9433485931142,"LakeTrout","Three_Mile","TML8"
"1073",0.938278933880154,5.28602424260882,11.17248242487,"LakeTrout","Three_Mile","TML4"
"1074",0.999,5.31782196049412,11.28059466568,"LakeTrout","Three_Mile","TML3"
"1075",0.999,5.07661460755294,10.46048966568,"LakeTrout","Three_Mile","TML6"
